date,sales,promotion,holiday,product_category
2018-01-01,110.79,0,0,Clothing
2018-01-02,99.14,0,0,Clothing
2018-01-03,115.9,0,0,Clothing
2018-01-04,134.45,0,0,Electronics
2018-01-05,100.34,1,0,Electronics
2018-01-06,101.38,0,1,Electronics
2018-01-07,138.69,0,0,Electronics
2018-01-08,123.49,1,0,Grocery
2018-01-09,99.78,1,0,Electronics
2018-01-10,121.05,1,0,Clothing
2018-01-11,101.96,0,0,Electronics
2018-01-12,102.94,1,0,Grocery
2018-01-13,118.12,0,0,Grocery
2018-01-14,76.03,0,0,Grocery
2018-01-15,80.82,0,0,Clothing
2018-01-16,105.08,0,0,Electronics
2018-01-17,97.08,0,0,Electronics
2018-01-18,124.63,0,0,Electronics
2018-01-19,101.18,0,0,Clothing
2018-01-20,92.09,0,0,Clothing
2018-01-21,150.64,0,0,Grocery
2018-01-22,117.79,0,0,Grocery
2018-01-23,124.64,0,0,Electronics
2018-01-24,95.77,0,0,Clothing
2018-01-25,114.34,0,0,Clothing
2018-01-26,128.41,0,0,Electronics
2018-01-27,104.13,1,0,Electronics
2018-01-28,135.61,0,0,Grocery
2018-01-29,117.02,0,0,Grocery
2018-01-30,124.14,0,0,Grocery
2018-01-31,118.86,0,0,Electronics
2018-02-01,168.86,1,0,Electronics
2018-02-02,132.46,0,0,Grocery
2018-02-03,112.48,0,0,Grocery
2018-02-04,150.98,0,0,Clothing
2018-02-05,111.0,0,0,Clothing
2018-02-06,140.47,0,0,Grocery
2018-02-07,97.97,0,1,Grocery
2018-02-08,111.46,0,0,Clothing
2018-02-09,142.81,0,0,Grocery
2018-02-10,154.49,0,0,Clothing
2018-02-11,143.98,1,0,Clothing
2018-02-12,139.06,1,0,Clothing
2018-02-13,136.17,0,0,Electronics
2018-02-14,113.42,0,0,Electronics
2018-02-15,129.39,0,0,Grocery
2018-02-16,135.35,0,0,Clothing
2018-02-17,166.48,0,0,Electronics
2018-02-18,152.97,1,0,Grocery
2018-02-19,111.59,1,0,Grocery
2018-02-20,154.07,0,0,Grocery
2018-02-21,140.61,0,0,Grocery
2018-02-22,135.49,0,1,Grocery
2018-02-23,161.96,0,0,Clothing
2018-02-24,171.04,0,0,Grocery
2018-02-25,169.73,0,0,Clothing
2018-02-26,134.98,0,0,Electronics
2018-02-27,146.24,0,0,Grocery
2018-02-28,159.69,0,0,Electronics
2018-03-01,173.21,1,0,Clothing
2018-03-02,144.73,0,0,Clothing
2018-03-03,151.21,0,0,Electronics
2018-03-04,133.38,0,0,Grocery
2018-03-05,132.16,0,0,Grocery
2018-03-06,172.9,0,0,Electronics
2018-03-07,184.33,0,0,Electronics
2018-03-08,156.3,1,0,Electronics
2018-03-09,178.34,0,0,Grocery
2018-03-10,166.01,1,0,Grocery
2018-03-11,146.38,0,0,Grocery
2018-03-12,166.99,0,0,Electronics
2018-03-13,190.99,0,0,Grocery
2018-03-14,159.97,0,0,Clothing
2018-03-15,192.43,0,0,Electronics
2018-03-16,109.17,0,0,Grocery
2018-03-17,178.41,0,0,Electronics
2018-03-18,164.11,1,0,Clothing
2018-03-19,156.78,1,0,Clothing
2018-03-20,164.96,1,0,Electronics
2018-03-21,123.73,0,0,Electronics
2018-03-22,159.43,0,0,Clothing
2018-03-23,171.3,0,0,Electronics
2018-03-24,194.02,0,0,Clothing
2018-03-25,154.4,0,0,Clothing
2018-03-26,148.88,0,0,Grocery
2018-03-27,155.28,0,0,Electronics
2018-03-28,183.88,0,0,Electronics
2018-03-29,172.38,1,0,Grocery
2018-03-30,155.44,0,0,Clothing
2018-03-31,176.51,0,1,Electronics
2018-04-01,168.38,0,0,Grocery
2018-04-02,185.99,1,0,Grocery
2018-04-03,152.74,0,0,Electronics
2018-04-04,160.38,0,0,Grocery
2018-04-05,159.23,1,0,Clothing
2018-04-06,137.92,1,0,Grocery
2018-04-07,173.22,0,0,Clothing
2018-04-08,172.61,0,0,Clothing
2018-04-09,167.57,0,0,Electronics
2018-04-10,162.83,0,0,Grocery
2018-04-11,139.26,0,0,Clothing
2018-04-12,159.19,1,0,Clothing
2018-04-13,160.77,0,0,Grocery
2018-04-14,151.58,0,0,Clothing
2018-04-15,164.39,0,0,Grocery
2018-04-16,175.67,0,0,Electronics
2018-04-17,205.27,0,0,Clothing
2018-04-18,170.99,0,0,Clothing
2018-04-19,172.58,0,0,Grocery
2018-04-20,165.86,0,0,Grocery
2018-04-21,128.88,0,0,Grocery
2018-04-22,166.61,0,0,Grocery
2018-04-23,168.22,1,0,Clothing
2018-04-24,216.14,0,0,Electronics
2018-04-25,162.88,0,0,Electronics
2018-04-26,172.59,0,0,Electronics
2018-04-27,165.69,0,0,Electronics
2018-04-28,142.82,0,0,Grocery
2018-04-29,188.84,0,0,Clothing
2018-04-30,180.81,1,0,Clothing
2018-05-01,181.36,0,0,Clothing
2018-05-02,147.11,0,0,Grocery
2018-05-03,193.09,0,0,Clothing
2018-05-04,136.73,1,0,Grocery
2018-05-05,176.22,0,1,Clothing
2018-05-06,208.0,0,1,Electronics
2018-05-07,144.07,0,0,Grocery
2018-05-08,152.24,0,0,Clothing
2018-05-09,165.23,1,0,Electronics
2018-05-10,152.82,0,0,Electronics
2018-05-11,131.52,0,0,Electronics
2018-05-12,163.54,1,0,Grocery
2018-05-13,140.55,1,0,Grocery
2018-05-14,170.88,1,0,Clothing
2018-05-15,142.62,0,0,Electronics
2018-05-16,191.6,0,0,Clothing
2018-05-17,144.51,0,0,Clothing
2018-05-18,153.3,0,0,Electronics
2018-05-19,175.57,0,0,Clothing
2018-05-20,134.24,0,0,Grocery
2018-05-21,162.94,0,0,Clothing
2018-05-22,184.06,0,0,Electronics
2018-05-23,125.29,0,0,Grocery
2018-05-24,160.64,0,0,Grocery
2018-05-25,161.65,1,0,Clothing
2018-05-26,171.58,0,0,Clothing
2018-05-27,130.69,0,0,Grocery
2018-05-28,128.49,0,0,Clothing
2018-05-29,164.81,0,0,Electronics
2018-05-30,159.77,0,1,Clothing
2018-05-31,158.29,0,0,Clothing
2018-06-01,159.65,0,0,Grocery
2018-06-02,138.55,0,0,Clothing
2018-06-03,156.23,0,0,Clothing
2018-06-04,156.87,0,0,Clothing
2018-06-05,136.13,1,0,Electronics
2018-06-06,187.14,1,0,Clothing
2018-06-07,158.71,0,0,Electronics
2018-06-08,124.8,0,0,Electronics
2018-06-09,161.14,0,0,Electronics
2018-06-10,127.9,1,0,Electronics
2018-06-11,162.52,0,0,Grocery
2018-06-12,169.32,0,0,Electronics
2018-06-13,129.11,1,0,Clothing
2018-06-14,164.15,0,0,Electronics
2018-06-15,152.5,1,0,Clothing
2018-06-16,160.04,0,0,Electronics
2018-06-17,180.89,0,0,Grocery
2018-06-18,137.39,0,0,Electronics
2018-06-19,126.57,1,0,Electronics
2018-06-20,123.19,1,0,Grocery
2018-06-21,124.0,0,0,Electronics
2018-06-22,138.11,0,0,Clothing
2018-06-23,145.81,0,0,Electronics
2018-06-24,143.85,1,0,Electronics
2018-06-25,154.19,0,0,Electronics
2018-06-26,137.24,0,0,Grocery
2018-06-27,165.37,0,0,Electronics
2018-06-28,130.33,0,0,Electronics
2018-06-29,189.35,0,0,Clothing
2018-06-30,146.79,0,1,Electronics
2018-07-01,116.45,0,0,Electronics
2018-07-02,111.5,1,0,Electronics
2018-07-03,141.89,0,0,Electronics
2018-07-04,127.1,0,0,Clothing
2018-07-05,145.17,1,0,Clothing
2018-07-06,139.68,0,0,Grocery
2018-07-07,128.08,0,0,Electronics
2018-07-08,111.93,0,0,Grocery
2018-07-09,97.9,1,0,Grocery
2018-07-10,118.59,0,0,Electronics
2018-07-11,143.99,1,0,Clothing
2018-07-12,130.47,0,0,Clothing
2018-07-13,100.61,0,0,Electronics
2018-07-14,128.33,0,0,Electronics
2018-07-15,131.92,1,0,Clothing
2018-07-16,105.88,0,0,Electronics
2018-07-17,125.99,1,0,Electronics
2018-07-18,123.43,0,0,Electronics
2018-07-19,98.76,0,0,Clothing
2018-07-20,128.14,0,0,Grocery
2018-07-21,131.57,1,0,Grocery
2018-07-22,141.39,0,0,Electronics
2018-07-23,140.18,0,0,Clothing
2018-07-24,90.93,0,0,Electronics
2018-07-25,99.12,1,0,Clothing
2018-07-26,127.57,0,0,Electronics
2018-07-27,126.94,0,0,Clothing
2018-07-28,126.38,0,0,Clothing
2018-07-29,192.54,0,0,Grocery
2018-07-30,126.33,0,0,Electronics
2018-07-31,137.05,1,0,Grocery
2018-08-01,132.85,1,0,Grocery
2018-08-02,126.24,0,0,Clothing
2018-08-03,106.35,0,0,Electronics
2018-08-04,127.29,0,0,Clothing
2018-08-05,96.12,0,1,Clothing
2018-08-06,106.31,0,0,Clothing
2018-08-07,100.83,0,0,Electronics
2018-08-08,111.66,0,1,Electronics
2018-08-09,155.81,0,0,Clothing
2018-08-10,71.68,0,0,Electronics
2018-08-11,122.27,0,0,Clothing
2018-08-12,75.82,0,0,Electronics
2018-08-13,98.17,0,0,Electronics
2018-08-14,128.93,0,0,Grocery
2018-08-15,108.0,0,0,Clothing
2018-08-16,84.72,0,0,Grocery
2018-08-17,91.55,0,0,Grocery
2018-08-18,119.03,0,0,Clothing
2018-08-19,90.43,0,0,Clothing
2018-08-20,108.98,0,0,Electronics
2018-08-21,105.18,1,0,Clothing
2018-08-22,90.87,0,0,Grocery
2018-08-23,146.42,0,0,Grocery
2018-08-24,115.88,0,0,Clothing
2018-08-25,62.36,0,0,Grocery
2018-08-26,106.27,0,0,Electronics
2018-08-27,89.0,0,0,Grocery
2018-08-28,118.98,0,0,Electronics
2018-08-29,85.8,0,0,Grocery
2018-08-30,99.08,0,0,Electronics
2018-08-31,111.22,0,0,Electronics
2018-09-01,118.18,1,0,Clothing
2018-09-02,76.63,0,0,Electronics
2018-09-03,93.72,0,0,Clothing
2018-09-04,90.71,0,0,Grocery
2018-09-05,86.94,1,0,Grocery
2018-09-06,135.14,0,0,Grocery
2018-09-07,107.76,0,0,Electronics
2018-09-08,74.29,0,0,Grocery
2018-09-09,117.72,0,0,Grocery
2018-09-10,141.68,0,0,Clothing
2018-09-11,119.77,0,0,Clothing
2018-09-12,68.64,0,0,Grocery
2018-09-13,89.25,0,1,Grocery
2018-09-14,124.2,0,0,Electronics
2018-09-15,84.65,0,0,Electronics
2018-09-16,107.64,0,0,Grocery
2018-09-17,114.23,0,0,Clothing
2018-09-18,80.18,0,0,Grocery
2018-09-19,97.53,1,0,Electronics
2018-09-20,33.91,0,0,Clothing
2018-09-21,78.28,0,0,Clothing
2018-09-22,93.76,0,0,Electronics
2018-09-23,73.91,1,0,Grocery
2018-09-24,131.59,0,1,Grocery
2018-09-25,70.42,0,0,Grocery
2018-09-26,90.33,0,0,Electronics
2018-09-27,101.86,0,0,Clothing
2018-09-28,128.2,0,0,Electronics
2018-09-29,70.81,0,0,Grocery
2018-09-30,122.95,0,0,Electronics
2018-10-01,100.07,1,0,Clothing
2018-10-02,80.42,0,0,Electronics
2018-10-03,109.5,0,0,Grocery
2018-10-04,104.46,0,0,Clothing
2018-10-05,88.71,0,0,Electronics
2018-10-06,102.36,0,0,Electronics
2018-10-07,93.52,0,1,Clothing
2018-10-08,103.78,0,0,Clothing
2018-10-09,115.05,1,0,Grocery
2018-10-10,133.83,1,0,Clothing
2018-10-11,77.68,0,0,Grocery
2018-10-12,145.44,0,0,Electronics
2018-10-13,64.09,1,0,Grocery
2018-10-14,100.46,0,0,Electronics
2018-10-15,115.64,1,0,Clothing
2018-10-16,109.89,0,0,Electronics
2018-10-17,92.23,0,0,Clothing
2018-10-18,100.94,0,0,Electronics
2018-10-19,95.68,0,0,Electronics
2018-10-20,94.21,0,0,Electronics
2018-10-21,123.46,0,0,Electronics
2018-10-22,114.09,0,0,Grocery
2018-10-23,93.58,0,1,Electronics
2018-10-24,125.94,0,0,Grocery
2018-10-25,114.62,1,0,Clothing
2018-10-26,125.26,0,0,Clothing
2018-10-27,122.15,1,0,Grocery
2018-10-28,93.54,0,0,Clothing
2018-10-29,99.49,0,1,Clothing
2018-10-30,126.23,1,0,Electronics
2018-10-31,124.09,0,0,Electronics
2018-11-01,112.08,0,0,Electronics
2018-11-02,115.47,0,0,Grocery
2018-11-03,139.32,0,0,Grocery
2018-11-04,102.58,0,0,Clothing
2018-11-05,126.02,1,0,Electronics
2018-11-06,111.71,0,0,Grocery
2018-11-07,112.09,0,0,Grocery
2018-11-08,139.12,0,0,Electronics
2018-11-09,134.36,0,0,Grocery
2018-11-10,134.85,0,0,Electronics
2018-11-11,145.43,0,0,Clothing
2018-11-12,120.48,0,0,Clothing
2018-11-13,134.46,0,0,Clothing
2018-11-14,115.38,0,0,Electronics
2018-11-15,128.85,0,0,Grocery
2018-11-16,120.55,0,0,Clothing
2018-11-17,125.9,0,0,Clothing
2018-11-18,136.67,1,0,Clothing
2018-11-19,109.22,0,0,Grocery
2018-11-20,168.27,0,0,Grocery
2018-11-21,107.14,0,0,Electronics
2018-11-22,103.82,0,0,Clothing
2018-11-23,152.13,0,0,Grocery
2018-11-24,145.67,0,0,Electronics
2018-11-25,143.19,0,1,Clothing
2018-11-26,144.16,0,0,Grocery
2018-11-27,132.24,0,0,Grocery
2018-11-28,115.45,0,0,Electronics
2018-11-29,135.82,0,1,Clothing
2018-11-30,121.68,0,0,Clothing
2018-12-01,155.65,1,0,Grocery
2018-12-02,134.14,1,0,Clothing
2018-12-03,121.51,1,0,Electronics
2018-12-04,132.54,1,0,Grocery
2018-12-05,148.18,1,1,Grocery
2018-12-06,129.6,0,0,Electronics
2018-12-07,125.4,0,0,Grocery
2018-12-08,147.69,0,0,Clothing
2018-12-09,148.69,0,0,Clothing
2018-12-10,134.64,0,0,Grocery
2018-12-11,136.34,0,0,Electronics
2018-12-12,151.4,0,0,Electronics
2018-12-13,118.79,0,0,Clothing
2018-12-14,120.61,1,0,Electronics
2018-12-15,135.4,0,0,Grocery
2018-12-16,146.51,0,1,Grocery
2018-12-17,158.01,0,0,Clothing
2018-12-18,182.32,0,0,Clothing
2018-12-19,170.99,1,0,Clothing
2018-12-20,151.66,0,0,Electronics
2018-12-21,155.51,0,0,Grocery
2018-12-22,136.87,0,0,Grocery
2018-12-23,157.58,0,0,Grocery
2018-12-24,153.21,0,0,Clothing
2018-12-25,166.48,0,0,Grocery
2018-12-26,144.52,0,1,Electronics
2018-12-27,172.49,0,0,Electronics
2018-12-28,193.8,0,0,Grocery
2018-12-29,162.01,1,0,Clothing
2018-12-30,173.26,0,0,Grocery
2018-12-31,180.07,1,0,Electronics
2019-01-01,159.5,0,0,Electronics
2019-01-02,173.05,0,1,Electronics
2019-01-03,169.86,0,0,Grocery
2019-01-04,172.61,0,0,Electronics
2019-01-05,156.23,0,0,Clothing
2019-01-06,173.22,0,0,Grocery
2019-01-07,183.73,0,0,Grocery
2019-01-08,203.83,1,1,Electronics
2019-01-09,195.02,0,0,Electronics
2019-01-10,219.93,0,0,Clothing
2019-01-11,162.55,0,0,Grocery
2019-01-12,196.37,0,0,Electronics
2019-01-13,183.61,0,0,Clothing
2019-01-14,224.76,0,0,Electronics
2019-01-15,165.82,0,0,Grocery
2019-01-16,166.2,0,1,Electronics
2019-01-17,172.02,0,0,Grocery
2019-01-18,142.53,0,0,Electronics
2019-01-19,175.49,1,0,Grocery
2019-01-20,171.82,1,0,Clothing
2019-01-21,191.0,0,0,Grocery
2019-01-22,195.81,0,0,Clothing
2019-01-23,227.48,0,0,Grocery
2019-01-24,209.94,0,0,Clothing
2019-01-25,180.36,0,0,Electronics
2019-01-26,174.89,0,0,Grocery
2019-01-27,203.65,0,0,Electronics
2019-01-28,168.36,0,0,Clothing
2019-01-29,232.33,0,0,Grocery
2019-01-30,220.23,1,0,Grocery
2019-01-31,188.18,0,0,Electronics
2019-02-01,164.22,0,0,Grocery
2019-02-02,226.47,1,0,Grocery
2019-02-03,198.01,1,0,Electronics
2019-02-04,225.95,0,0,Grocery
2019-02-05,170.19,0,0,Electronics
2019-02-06,190.97,0,0,Electronics
2019-02-07,203.94,1,1,Electronics
2019-02-08,205.63,1,0,Electronics
2019-02-09,196.54,0,0,Electronics
2019-02-10,218.84,0,0,Clothing
2019-02-11,185.87,0,0,Clothing
2019-02-12,205.19,0,0,Electronics
2019-02-13,211.26,0,0,Clothing
2019-02-14,219.95,1,0,Clothing
2019-02-15,224.68,0,0,Grocery
2019-02-16,188.74,1,0,Electronics
2019-02-17,181.32,1,0,Clothing
2019-02-18,238.32,0,0,Grocery
2019-02-19,220.16,0,0,Grocery
2019-02-20,199.28,0,0,Electronics
2019-02-21,246.0,0,1,Electronics
2019-02-22,218.01,0,1,Grocery
2019-02-23,239.98,0,0,Electronics
2019-02-24,218.44,0,0,Electronics
2019-02-25,258.98,0,0,Grocery
2019-02-26,253.54,0,1,Grocery
2019-02-27,214.11,0,0,Electronics
2019-02-28,239.16,0,0,Clothing
2019-03-01,233.27,0,0,Electronics
2019-03-02,248.35,0,0,Clothing
2019-03-03,202.29,0,0,Grocery
2019-03-04,235.9,0,0,Clothing
2019-03-05,243.92,0,0,Grocery
2019-03-06,188.15,0,0,Electronics
2019-03-07,200.21,0,0,Electronics
2019-03-08,183.63,1,0,Grocery
2019-03-09,219.55,0,0,Grocery
2019-03-10,239.8,0,0,Grocery
2019-03-11,255.99,0,0,Electronics
2019-03-12,227.91,0,0,Electronics
2019-03-13,259.47,0,0,Clothing
2019-03-14,199.75,0,1,Grocery
2019-03-15,193.73,0,0,Clothing
2019-03-16,227.12,0,0,Electronics
2019-03-17,236.32,0,0,Clothing
2019-03-18,228.39,0,1,Clothing
2019-03-19,188.08,0,0,Electronics
2019-03-20,228.01,1,0,Electronics
2019-03-21,204.06,0,0,Grocery
2019-03-22,243.89,0,0,Clothing
2019-03-23,238.15,0,0,Electronics
2019-03-24,212.34,0,0,Electronics
2019-03-25,221.15,0,0,Clothing
2019-03-26,210.53,0,0,Electronics
2019-03-27,230.73,0,0,Grocery
2019-03-28,251.34,0,0,Grocery
2019-03-29,212.76,0,0,Clothing
2019-03-30,242.78,0,0,Grocery
2019-03-31,222.3,1,0,Electronics
2019-04-01,217.25,0,0,Electronics
2019-04-02,231.14,0,0,Electronics
2019-04-03,212.74,0,0,Electronics
2019-04-04,222.53,0,1,Clothing
2019-04-05,209.78,0,0,Grocery
2019-04-06,273.15,0,0,Grocery
2019-04-07,234.67,0,0,Electronics
2019-04-08,220.06,0,0,Clothing
2019-04-09,238.41,0,0,Electronics
2019-04-10,231.94,0,0,Electronics
2019-04-11,229.82,1,0,Clothing
2019-04-12,246.55,0,0,Clothing
2019-04-13,249.44,0,0,Electronics
2019-04-14,223.68,0,0,Grocery
2019-04-15,222.77,0,0,Electronics
2019-04-16,228.76,0,0,Grocery
2019-04-17,188.18,0,0,Grocery
2019-04-18,203.86,0,0,Clothing
2019-04-19,261.43,0,1,Clothing
2019-04-20,266.91,0,1,Electronics
2019-04-21,228.94,0,0,Grocery
2019-04-22,245.34,0,0,Grocery
2019-04-23,239.91,0,0,Electronics
2019-04-24,295.12,0,0,Electronics
2019-04-25,255.79,0,0,Electronics
2019-04-26,230.67,1,0,Clothing
2019-04-27,213.94,1,0,Electronics
2019-04-28,200.73,1,0,Electronics
2019-04-29,236.72,0,0,Grocery
2019-04-30,217.31,0,0,Electronics
2019-05-01,203.76,0,0,Grocery
2019-05-02,219.03,0,0,Grocery
2019-05-03,210.07,0,0,Clothing
2019-05-04,265.18,1,0,Electronics
2019-05-05,248.78,1,0,Electronics
2019-05-06,230.7,0,0,Grocery
2019-05-07,260.15,0,0,Clothing
2019-05-08,231.78,0,0,Clothing
2019-05-09,212.68,1,0,Electronics
2019-05-10,260.02,1,0,Grocery
2019-05-11,239.98,0,0,Electronics
2019-05-12,208.09,0,0,Electronics
2019-05-13,224.65,1,0,Electronics
2019-05-14,210.56,0,0,Electronics
2019-05-15,200.02,0,0,Grocery
2019-05-16,245.79,1,1,Clothing
2019-05-17,265.03,0,0,Electronics
2019-05-18,198.44,0,0,Electronics
2019-05-19,237.23,0,0,Electronics
2019-05-20,212.51,0,0,Electronics
2019-05-21,215.32,1,0,Clothing
2019-05-22,212.74,0,0,Clothing
2019-05-23,206.83,1,0,Clothing
2019-05-24,224.59,0,0,Clothing
2019-05-25,206.5,0,0,Electronics
2019-05-26,228.02,0,0,Grocery
2019-05-27,221.09,0,0,Clothing
2019-05-28,216.79,0,0,Clothing
2019-05-29,202.88,0,0,Electronics
2019-05-30,208.96,0,0,Electronics
2019-05-31,235.05,0,0,Electronics
2019-06-01,229.4,0,0,Electronics
2019-06-02,199.27,0,0,Grocery
2019-06-03,220.24,0,0,Grocery
2019-06-04,232.7,0,0,Clothing
2019-06-05,183.7,0,0,Grocery
2019-06-06,227.36,0,0,Clothing
2019-06-07,202.64,0,0,Clothing
2019-06-08,226.7,0,0,Grocery
2019-06-09,199.42,1,0,Clothing
2019-06-10,177.97,0,0,Electronics
2019-06-11,180.89,0,0,Clothing
2019-06-12,213.78,0,0,Electronics
2019-06-13,217.38,0,0,Grocery
2019-06-14,193.46,0,0,Grocery
2019-06-15,223.68,0,0,Clothing
2019-06-16,177.03,0,0,Electronics
2019-06-17,208.29,1,0,Clothing
2019-06-18,184.74,0,0,Grocery
2019-06-19,195.27,0,0,Clothing
2019-06-20,208.6,0,0,Clothing
2019-06-21,189.78,0,0,Electronics
2019-06-22,198.63,0,0,Grocery
2019-06-23,225.78,0,0,Clothing
2019-06-24,193.45,0,0,Electronics
2019-06-25,221.03,1,0,Clothing
2019-06-26,181.05,0,0,Electronics
2019-06-27,213.57,1,0,Electronics
2019-06-28,231.13,0,0,Clothing
2019-06-29,152.18,0,0,Grocery
2019-06-30,185.0,0,0,Grocery
2019-07-01,211.81,1,0,Electronics
2019-07-02,195.53,0,0,Grocery
2019-07-03,206.33,0,0,Electronics
2019-07-04,186.15,0,0,Grocery
2019-07-05,199.29,0,0,Clothing
2019-07-06,193.77,0,0,Grocery
2019-07-07,219.56,0,0,Electronics
2019-07-08,200.62,0,0,Electronics
2019-07-09,201.61,0,0,Grocery
2019-07-10,185.95,0,0,Clothing
2019-07-11,183.77,0,0,Electronics
2019-07-12,184.21,0,0,Electronics
2019-07-13,200.09,1,0,Electronics
2019-07-14,183.12,0,0,Electronics
2019-07-15,196.68,0,0,Electronics
2019-07-16,231.74,0,0,Clothing
2019-07-17,207.0,0,0,Grocery
2019-07-18,182.41,0,0,Clothing
2019-07-19,212.31,1,0,Clothing
2019-07-20,179.49,0,0,Electronics
2019-07-21,146.26,0,0,Clothing
2019-07-22,166.23,0,0,Electronics
2019-07-23,148.35,0,0,Clothing
2019-07-24,178.12,0,0,Electronics
2019-07-25,184.91,1,0,Electronics
2019-07-26,217.46,0,0,Clothing
2019-07-27,189.87,0,0,Clothing
2019-07-28,178.36,0,0,Grocery
2019-07-29,198.74,0,0,Grocery
2019-07-30,137.35,0,0,Grocery
2019-07-31,185.71,0,1,Clothing
2019-08-01,195.85,0,0,Clothing
2019-08-02,150.3,0,0,Electronics
2019-08-03,202.2,0,0,Grocery
2019-08-04,185.55,1,0,Electronics
2019-08-05,169.94,0,0,Electronics
2019-08-06,190.37,0,0,Electronics
2019-08-07,222.61,0,0,Electronics
2019-08-08,180.33,0,1,Grocery
2019-08-09,181.15,0,1,Electronics
2019-08-10,166.51,0,0,Clothing
2019-08-11,158.22,0,0,Clothing
2019-08-12,191.35,0,0,Clothing
2019-08-13,157.15,0,0,Grocery
2019-08-14,175.25,0,0,Electronics
2019-08-15,163.82,1,0,Grocery
2019-08-16,182.52,0,1,Electronics
2019-08-17,179.19,0,0,Grocery
2019-08-18,192.86,0,0,Grocery
2019-08-19,161.51,0,0,Electronics
2019-08-20,165.92,0,0,Grocery
2019-08-21,151.36,1,0,Electronics
2019-08-22,161.68,1,0,Clothing
2019-08-23,177.76,0,0,Clothing
2019-08-24,185.0,1,0,Clothing
2019-08-25,151.09,1,0,Grocery
2019-08-26,186.6,1,0,Clothing
2019-08-27,196.01,1,0,Electronics
2019-08-28,176.87,0,0,Clothing
2019-08-29,205.85,0,0,Clothing
2019-08-30,152.57,0,0,Grocery
2019-08-31,142.89,0,0,Electronics
2019-09-01,131.96,1,1,Grocery
2019-09-02,197.22,0,0,Grocery
2019-09-03,180.17,0,0,Electronics
2019-09-04,165.76,1,0,Grocery
2019-09-05,172.28,1,0,Electronics
2019-09-06,143.98,1,0,Clothing
2019-09-07,215.24,0,0,Electronics
2019-09-08,168.76,0,0,Electronics
2019-09-09,168.22,0,0,Electronics
2019-09-10,180.42,0,0,Grocery
2019-09-11,175.41,0,0,Electronics
2019-09-12,170.17,0,0,Electronics
2019-09-13,149.79,0,0,Electronics
2019-09-14,174.96,0,0,Clothing
2019-09-15,203.12,0,0,Electronics
2019-09-16,192.34,0,0,Grocery
2019-09-17,197.27,0,0,Electronics
2019-09-18,155.16,0,0,Electronics
2019-09-19,145.6,0,0,Clothing
2019-09-20,162.89,0,0,Electronics
2019-09-21,166.55,0,0,Grocery
2019-09-22,187.36,0,0,Electronics
2019-09-23,131.68,1,0,Grocery
2019-09-24,196.2,0,0,Clothing
2019-09-25,162.53,0,0,Electronics
2019-09-26,157.26,0,0,Clothing
2019-09-27,145.67,1,0,Electronics
2019-09-28,132.95,0,0,Grocery
2019-09-29,182.66,0,0,Clothing
2019-09-30,167.82,1,0,Electronics
2019-10-01,140.73,0,0,Grocery
2019-10-02,140.82,0,0,Clothing
2019-10-03,160.21,0,0,Electronics
2019-10-04,200.53,0,0,Clothing
2019-10-05,162.19,0,0,Electronics
2019-10-06,137.57,0,0,Grocery
2019-10-07,162.98,1,0,Grocery
2019-10-08,162.72,1,0,Clothing
2019-10-09,114.53,0,0,Clothing
2019-10-10,167.69,0,0,Electronics
2019-10-11,164.48,0,0,Grocery
2019-10-12,183.37,1,0,Electronics
2019-10-13,206.77,1,0,Grocery
2019-10-14,192.69,0,0,Clothing
2019-10-15,165.16,1,0,Electronics
2019-10-16,148.81,0,0,Electronics
2019-10-17,222.82,0,0,Grocery
2019-10-18,172.96,0,0,Grocery
2019-10-19,172.49,0,0,Grocery
2019-10-20,172.18,0,0,Clothing
2019-10-21,177.09,0,0,Electronics
2019-10-22,170.72,0,0,Grocery
2019-10-23,162.63,1,0,Clothing
2019-10-24,163.68,0,0,Grocery
2019-10-25,174.48,0,0,Electronics
2019-10-26,164.8,0,0,Grocery
2019-10-27,161.96,0,0,Electronics
2019-10-28,178.91,0,0,Clothing
2019-10-29,172.26,0,0,Clothing
2019-10-30,208.03,0,0,Grocery
2019-10-31,125.53,0,0,Electronics
2019-11-01,200.99,0,0,Electronics
2019-11-02,204.71,0,0,Electronics
2019-11-03,138.96,0,0,Grocery
2019-11-04,174.23,0,0,Electronics
2019-11-05,174.32,0,1,Electronics
2019-11-06,154.27,1,0,Electronics
2019-11-07,167.55,0,0,Electronics
2019-11-08,161.6,0,0,Grocery
2019-11-09,219.57,0,0,Grocery
2019-11-10,203.96,0,0,Electronics
2019-11-11,211.41,0,0,Electronics
2019-11-12,201.16,1,0,Clothing
2019-11-13,164.91,1,0,Clothing
2019-11-14,177.76,1,0,Electronics
2019-11-15,198.82,0,0,Electronics
2019-11-16,165.38,0,0,Clothing
2019-11-17,204.88,0,0,Clothing
2019-11-18,186.63,0,0,Electronics
2019-11-19,184.76,0,0,Grocery
2019-11-20,207.3,0,0,Grocery
2019-11-21,202.81,1,1,Electronics
2019-11-22,187.56,0,0,Electronics
2019-11-23,218.82,0,0,Clothing
2019-11-24,174.88,0,0,Clothing
2019-11-25,209.7,0,0,Grocery
2019-11-26,210.12,0,0,Electronics
2019-11-27,192.97,0,0,Clothing
2019-11-28,206.58,0,0,Grocery
2019-11-29,175.95,0,0,Grocery
2019-11-30,220.37,1,0,Grocery
2019-12-01,199.11,1,0,Clothing
2019-12-02,193.29,0,0,Clothing
2019-12-03,225.66,0,0,Electronics
2019-12-04,191.54,1,0,Electronics
2019-12-05,178.41,1,0,Grocery
2019-12-06,176.41,0,0,Grocery
2019-12-07,220.63,0,0,Clothing
2019-12-08,183.87,0,0,Clothing
2019-12-09,245.55,1,0,Electronics
2019-12-10,169.8,1,0,Electronics
2019-12-11,246.36,0,0,Electronics
2019-12-12,217.64,1,0,Clothing
2019-12-13,212.49,0,0,Grocery
2019-12-14,204.53,1,0,Electronics
2019-12-15,224.42,0,1,Electronics
2019-12-16,216.69,1,0,Clothing
2019-12-17,240.53,0,0,Electronics
2019-12-18,221.76,0,0,Grocery
2019-12-19,223.51,0,0,Clothing
2019-12-20,214.25,1,0,Electronics
2019-12-21,221.41,1,0,Electronics
2019-12-22,229.74,1,0,Clothing
2019-12-23,190.41,1,0,Clothing
2019-12-24,198.69,0,0,Electronics
2019-12-25,241.55,0,0,Grocery
2019-12-26,231.15,0,0,Clothing
2019-12-27,225.09,0,0,Grocery
2019-12-28,230.18,0,1,Electronics
2019-12-29,237.8,0,0,Grocery
2019-12-30,221.1,0,0,Electronics
2019-12-31,217.37,0,0,Electronics
2020-01-01,238.11,0,0,Electronics
2020-01-02,215.67,0,0,Electronics
2020-01-03,244.44,1,0,Grocery
2020-01-04,203.27,0,0,Electronics
2020-01-05,258.94,1,0,Electronics
2020-01-06,248.85,0,0,Grocery
2020-01-07,245.56,0,0,Clothing
2020-01-08,261.12,0,0,Grocery
2020-01-09,275.81,0,0,Grocery
2020-01-10,263.82,0,0,Grocery
2020-01-11,207.75,0,0,Electronics
2020-01-12,220.0,0,0,Electronics
2020-01-13,234.12,0,0,Electronics
2020-01-14,248.16,0,0,Clothing
2020-01-15,259.0,0,0,Electronics
2020-01-16,235.15,0,0,Clothing
2020-01-17,254.41,0,0,Electronics
2020-01-18,236.57,1,0,Grocery
2020-01-19,240.44,0,0,Electronics
2020-01-20,225.54,0,0,Clothing
2020-01-21,236.19,1,0,Clothing
2020-01-22,228.61,0,0,Electronics
2020-01-23,237.1,0,0,Grocery
2020-01-24,278.67,0,0,Electronics
2020-01-25,239.58,0,0,Electronics
2020-01-26,312.17,0,0,Electronics
2020-01-27,270.35,1,0,Grocery
2020-01-28,265.12,0,0,Clothing
2020-01-29,245.2,0,1,Grocery
2020-01-30,277.31,0,0,Clothing
2020-01-31,252.72,0,0,Clothing
2020-02-01,267.59,0,0,Clothing
2020-02-02,317.26,0,1,Grocery
2020-02-03,265.04,0,1,Electronics
2020-02-04,290.85,0,0,Electronics
2020-02-05,254.69,0,0,Electronics
2020-02-06,268.93,0,0,Electronics
2020-02-07,305.91,1,0,Electronics
2020-02-08,258.82,0,0,Grocery
2020-02-09,308.46,0,0,Grocery
2020-02-10,287.21,0,0,Grocery
2020-02-11,262.64,0,0,Grocery
2020-02-12,287.36,0,0,Grocery
2020-02-13,294.97,0,0,Grocery
2020-02-14,288.76,0,0,Grocery
2020-02-15,245.71,1,0,Electronics
2020-02-16,263.36,0,0,Clothing
2020-02-17,273.72,0,0,Grocery
2020-02-18,277.94,1,0,Clothing
2020-02-19,292.59,1,0,Grocery
2020-02-20,284.47,1,0,Grocery
2020-02-21,254.94,0,0,Electronics
2020-02-22,289.96,0,0,Clothing
2020-02-23,295.27,0,0,Electronics
2020-02-24,294.95,0,0,Electronics
2020-02-25,306.05,0,0,Clothing
2020-02-26,301.78,0,0,Electronics
2020-02-27,294.94,1,0,Grocery
2020-02-28,285.0,0,0,Grocery
2020-02-29,253.81,1,0,Grocery
2020-03-01,296.24,0,0,Grocery
2020-03-02,292.41,0,0,Grocery
2020-03-03,294.28,0,0,Electronics
2020-03-04,263.89,0,0,Electronics
2020-03-05,268.37,0,0,Grocery
2020-03-06,311.6,0,0,Grocery
2020-03-07,290.29,1,0,Electronics
2020-03-08,305.23,0,0,Clothing
2020-03-09,292.68,0,0,Electronics
2020-03-10,293.21,0,0,Electronics
2020-03-11,311.86,0,0,Electronics
2020-03-12,283.25,0,0,Electronics
2020-03-13,295.95,0,0,Electronics
2020-03-14,285.22,0,1,Clothing
2020-03-15,286.2,0,0,Grocery
2020-03-16,289.12,0,0,Grocery
2020-03-17,300.15,0,0,Clothing
2020-03-18,286.52,0,1,Grocery
2020-03-19,321.58,0,0,Grocery
2020-03-20,278.93,0,0,Grocery
2020-03-21,293.42,0,0,Clothing
2020-03-22,288.69,0,0,Clothing
2020-03-23,326.74,1,1,Grocery
2020-03-24,302.03,0,1,Grocery
2020-03-25,319.02,1,0,Grocery
2020-03-26,268.94,1,0,Electronics
2020-03-27,304.24,0,0,Electronics
2020-03-28,316.94,0,0,Electronics
2020-03-29,301.01,0,0,Clothing
2020-03-30,320.89,0,0,Grocery
2020-03-31,289.43,0,0,Clothing
2020-04-01,328.14,0,0,Clothing
2020-04-02,346.09,0,1,Clothing
2020-04-03,293.01,1,0,Grocery
2020-04-04,291.49,0,0,Electronics
2020-04-05,329.59,0,0,Grocery
2020-04-06,332.22,0,1,Grocery
2020-04-07,290.26,0,0,Clothing
2020-04-08,292.39,0,0,Clothing
2020-04-09,295.22,1,0,Clothing
2020-04-10,274.02,0,0,Electronics
2020-04-11,282.57,0,0,Electronics
2020-04-12,280.87,0,0,Electronics
2020-04-13,285.6,1,0,Grocery
2020-04-14,300.26,0,0,Clothing
2020-04-15,305.61,0,0,Grocery
2020-04-16,331.89,0,0,Electronics
2020-04-17,280.86,0,0,Clothing
2020-04-18,320.45,0,0,Electronics
2020-04-19,296.4,0,0,Clothing
2020-04-20,299.6,0,0,Clothing
2020-04-21,313.97,0,0,Grocery
2020-04-22,277.9,1,0,Grocery
2020-04-23,307.86,0,0,Electronics
2020-04-24,303.39,0,0,Grocery
2020-04-25,309.75,0,1,Grocery
2020-04-26,305.5,0,0,Grocery
2020-04-27,348.63,1,0,Clothing
2020-04-28,286.57,0,0,Grocery
2020-04-29,288.48,0,0,Electronics
2020-04-30,286.41,0,0,Clothing
2020-05-01,287.52,0,0,Clothing
2020-05-02,285.62,0,0,Grocery
2020-05-03,321.88,0,0,Clothing
2020-05-04,326.23,0,0,Electronics
2020-05-05,286.11,1,0,Electronics
2020-05-06,280.57,0,0,Clothing
2020-05-07,306.33,0,0,Grocery
2020-05-08,285.52,1,0,Grocery
2020-05-09,308.88,0,0,Clothing
2020-05-10,299.93,0,0,Electronics
2020-05-11,265.19,0,0,Clothing
2020-05-12,326.08,0,0,Grocery
2020-05-13,330.66,0,0,Grocery
2020-05-14,282.08,0,0,Clothing
2020-05-15,286.18,1,0,Electronics
2020-05-16,299.23,0,1,Clothing
2020-05-17,299.77,0,0,Electronics
2020-05-18,305.81,0,0,Electronics
2020-05-19,332.39,0,0,Clothing
2020-05-20,288.19,0,0,Clothing
2020-05-21,275.29,0,0,Electronics
2020-05-22,263.19,1,0,Electronics
2020-05-23,275.66,0,0,Electronics
2020-05-24,289.12,0,0,Electronics
2020-05-25,325.17,0,0,Grocery
2020-05-26,278.41,0,0,Clothing
2020-05-27,292.71,0,0,Electronics
2020-05-28,287.37,0,0,Clothing
2020-05-29,310.93,0,0,Electronics
2020-05-30,337.15,0,0,Clothing
2020-05-31,275.44,0,0,Clothing
2020-06-01,275.7,0,0,Electronics
2020-06-02,305.8,0,0,Electronics
2020-06-03,297.98,1,0,Clothing
2020-06-04,320.69,0,0,Clothing
2020-06-05,294.84,0,0,Clothing
2020-06-06,275.38,0,0,Grocery
2020-06-07,293.77,0,0,Electronics
2020-06-08,303.52,0,0,Grocery
2020-06-09,297.14,0,0,Grocery
2020-06-10,290.26,0,0,Electronics
2020-06-11,300.82,1,0,Electronics
2020-06-12,302.24,0,0,Grocery
2020-06-13,305.86,0,0,Electronics
2020-06-14,290.55,0,0,Clothing
2020-06-15,273.59,1,0,Clothing
2020-06-16,279.22,0,0,Grocery
2020-06-17,299.76,0,1,Grocery
2020-06-18,258.64,0,0,Electronics
2020-06-19,281.69,0,0,Electronics
2020-06-20,265.79,0,0,Grocery
2020-06-21,273.56,1,0,Grocery
2020-06-22,297.89,0,0,Clothing
2020-06-23,275.48,1,0,Clothing
2020-06-24,271.91,0,0,Electronics
2020-06-25,243.11,0,0,Clothing
2020-06-26,284.56,0,0,Electronics
2020-06-27,281.87,0,0,Electronics
2020-06-28,311.55,1,0,Electronics
2020-06-29,261.45,1,0,Clothing
2020-06-30,271.31,1,0,Grocery
2020-07-01,271.24,0,0,Grocery
2020-07-02,297.12,0,1,Clothing
2020-07-03,262.99,0,0,Grocery
2020-07-04,269.8,1,0,Electronics
2020-07-05,275.7,0,0,Grocery
2020-07-06,266.6,0,0,Clothing
2020-07-07,253.27,0,0,Grocery
2020-07-08,265.41,0,0,Electronics
2020-07-09,282.33,1,0,Electronics
2020-07-10,239.66,0,0,Clothing
2020-07-11,262.18,0,0,Clothing
2020-07-12,244.86,0,0,Clothing
2020-07-13,282.1,0,0,Electronics
2020-07-14,227.08,0,0,Grocery
2020-07-15,245.72,0,0,Grocery
2020-07-16,263.79,1,0,Clothing
2020-07-17,286.91,1,0,Grocery
2020-07-18,253.64,0,0,Grocery
2020-07-19,243.22,0,0,Clothing
2020-07-20,291.31,1,1,Clothing
2020-07-21,224.1,0,0,Electronics
2020-07-22,208.46,0,0,Electronics
2020-07-23,260.62,0,0,Electronics
2020-07-24,241.17,0,0,Electronics
2020-07-25,230.18,0,1,Grocery
2020-07-26,264.17,1,0,Grocery
2020-07-27,254.28,0,0,Electronics
2020-07-28,237.54,0,0,Electronics
2020-07-29,222.64,0,0,Clothing
2020-07-30,265.12,0,0,Grocery
2020-07-31,260.11,0,0,Grocery
2020-08-01,244.56,0,0,Electronics
2020-08-02,282.92,0,0,Grocery
2020-08-03,224.05,0,0,Clothing
2020-08-04,214.4,1,0,Clothing
2020-08-05,230.55,1,0,Grocery
2020-08-06,242.95,0,1,Electronics
2020-08-07,248.22,0,0,Grocery
2020-08-08,238.03,0,0,Clothing
2020-08-09,249.4,0,0,Electronics
2020-08-10,216.85,0,0,Grocery
2020-08-11,270.28,0,0,Electronics
2020-08-12,239.3,0,0,Electronics
2020-08-13,262.83,1,0,Clothing
2020-08-14,246.9,1,0,Electronics
2020-08-15,248.75,1,0,Grocery
2020-08-16,250.58,0,0,Electronics
2020-08-17,247.73,0,1,Electronics
2020-08-18,251.23,0,0,Grocery
2020-08-19,264.56,0,0,Clothing
2020-08-20,241.53,0,0,Clothing
2020-08-21,251.41,0,0,Grocery
2020-08-22,235.08,0,0,Grocery
2020-08-23,265.33,1,0,Clothing
2020-08-24,222.67,0,0,Electronics
2020-08-25,271.89,0,0,Grocery
2020-08-26,234.76,0,0,Electronics
2020-08-27,206.65,0,0,Grocery
2020-08-28,237.54,0,0,Clothing
2020-08-29,221.09,0,0,Electronics
2020-08-30,251.26,0,0,Electronics
2020-08-31,221.15,0,0,Grocery
2020-09-01,225.04,0,0,Electronics
2020-09-02,195.96,0,0,Grocery
2020-09-03,224.49,0,0,Clothing
2020-09-04,184.86,1,0,Electronics
2020-09-05,201.48,0,0,Grocery
2020-09-06,248.2,0,0,Electronics
2020-09-07,248.55,0,0,Grocery
2020-09-08,241.21,1,0,Grocery
2020-09-09,213.23,1,0,Grocery
2020-09-10,231.5,0,0,Clothing
2020-09-11,232.28,0,0,Electronics
2020-09-12,209.1,1,0,Clothing
2020-09-13,262.27,0,0,Grocery
2020-09-14,249.69,0,0,Grocery
2020-09-15,227.68,0,0,Clothing
2020-09-16,232.61,1,0,Clothing
2020-09-17,236.22,1,1,Electronics
2020-09-18,191.22,0,0,Grocery
2020-09-19,227.13,0,0,Clothing
2020-09-20,218.46,0,0,Grocery
2020-09-21,212.11,0,0,Grocery
2020-09-22,226.58,1,0,Electronics
2020-09-23,268.23,0,0,Electronics
2020-09-24,245.18,0,1,Electronics
2020-09-25,221.04,0,0,Clothing
2020-09-26,244.03,0,0,Grocery
2020-09-27,260.7,0,0,Clothing
2020-09-28,251.35,0,0,Clothing
2020-09-29,234.21,0,0,Electronics
2020-09-30,220.26,0,0,Grocery
2020-10-01,247.35,0,0,Grocery
2020-10-02,241.46,0,0,Electronics
2020-10-03,251.72,0,0,Grocery
2020-10-04,246.75,1,0,Electronics
2020-10-05,255.29,1,0,Clothing
2020-10-06,223.86,1,0,Clothing
2020-10-07,261.19,0,0,Electronics
2020-10-08,239.09,1,0,Clothing
2020-10-09,276.95,0,0,Clothing
2020-10-10,221.99,0,0,Electronics
2020-10-11,270.83,0,0,Clothing
2020-10-12,240.42,0,0,Grocery
2020-10-13,223.8,0,0,Clothing
2020-10-14,227.53,0,0,Electronics
2020-10-15,231.2,0,0,Grocery
2020-10-16,246.5,0,0,Grocery
2020-10-17,248.9,0,1,Clothing
2020-10-18,227.4,0,0,Grocery
2020-10-19,238.84,0,0,Electronics
2020-10-20,282.64,1,0,Grocery
2020-10-21,274.83,1,0,Clothing
2020-10-22,249.5,0,0,Clothing
2020-10-23,242.04,0,0,Grocery
2020-10-24,244.2,0,1,Electronics
2020-10-25,254.61,1,0,Electronics
2020-10-26,222.43,0,0,Clothing
2020-10-27,238.3,0,0,Clothing
2020-10-28,210.65,0,0,Electronics
2020-10-29,252.6,0,0,Grocery
2020-10-30,258.16,0,0,Grocery
2020-10-31,236.16,1,0,Grocery
2020-11-01,277.94,0,0,Grocery
2020-11-02,222.58,0,0,Electronics
2020-11-03,218.46,1,0,Clothing
2020-11-04,252.9,1,0,Clothing
2020-11-05,270.03,0,0,Grocery
2020-11-06,283.46,0,0,Electronics
2020-11-07,241.3,0,0,Electronics
2020-11-08,272.76,1,0,Grocery
2020-11-09,251.14,0,0,Grocery
2020-11-10,249.2,1,0,Grocery
2020-11-11,271.07,0,0,Clothing
2020-11-12,267.2,0,0,Grocery
2020-11-13,223.39,0,0,Clothing
2020-11-14,285.23,0,0,Electronics
2020-11-15,284.09,0,0,Electronics
2020-11-16,244.78,0,0,Clothing
2020-11-17,266.02,0,0,Clothing
2020-11-18,268.8,1,0,Clothing
2020-11-19,264.97,0,0,Clothing
2020-11-20,249.59,0,0,Grocery
2020-11-21,248.01,0,0,Electronics
2020-11-22,261.79,0,0,Grocery
2020-11-23,286.62,0,0,Clothing
2020-11-24,274.92,0,0,Grocery
2020-11-25,257.52,1,0,Grocery
2020-11-26,281.26,0,0,Electronics
2020-11-27,209.75,0,0,Grocery
2020-11-28,290.61,0,0,Electronics
2020-11-29,233.76,0,0,Clothing
2020-11-30,262.23,0,0,Grocery
2020-12-01,248.02,1,0,Clothing
2020-12-02,245.46,1,1,Electronics
2020-12-03,295.51,0,0,Clothing
2020-12-04,263.9,0,0,Clothing
2020-12-05,281.14,0,0,Electronics
2020-12-06,274.24,0,0,Clothing
2020-12-07,285.69,0,0,Clothing
2020-12-08,278.66,0,0,Clothing
2020-12-09,252.45,0,0,Grocery
2020-12-10,299.02,0,0,Clothing
2020-12-11,270.22,0,0,Electronics
2020-12-12,249.96,0,0,Grocery
2020-12-13,273.53,0,0,Grocery
2020-12-14,313.11,0,0,Electronics
2020-12-15,301.12,1,0,Clothing
2020-12-16,278.15,0,0,Grocery
2020-12-17,279.16,0,0,Grocery
2020-12-18,280.73,0,0,Grocery
2020-12-19,329.73,1,0,Clothing
2020-12-20,296.86,0,0,Grocery
2020-12-21,298.85,0,0,Electronics
2020-12-22,311.89,0,0,Clothing
2020-12-23,297.09,0,0,Electronics
2020-12-24,288.18,1,0,Electronics
2020-12-25,290.47,0,0,Grocery
2020-12-26,294.0,1,0,Grocery
2020-12-27,295.73,1,0,Grocery
2020-12-28,312.07,1,0,Electronics
2020-12-29,299.6,0,0,Clothing
2020-12-30,314.26,0,0,Grocery
2020-12-31,299.03,0,0,Grocery
2021-01-01,302.62,0,1,Electronics
2021-01-02,262.12,0,0,Clothing
2021-01-03,321.45,0,0,Electronics
2021-01-04,311.1,0,0,Grocery
2021-01-05,325.17,0,0,Electronics
2021-01-06,248.32,1,0,Grocery
2021-01-07,349.05,0,0,Clothing
2021-01-08,305.53,1,0,Electronics
2021-01-09,331.52,0,0,Grocery
2021-01-10,289.59,1,0,Grocery
2021-01-11,323.67,0,0,Grocery
2021-01-12,291.37,0,0,Grocery
2021-01-13,300.99,1,0,Electronics
2021-01-14,352.76,0,0,Grocery
2021-01-15,311.69,1,0,Electronics
2021-01-16,320.86,0,0,Grocery
2021-01-17,334.92,0,0,Electronics
2021-01-18,328.44,0,0,Electronics
2021-01-19,322.53,0,0,Grocery
2021-01-20,327.82,0,0,Grocery
2021-01-21,369.58,0,0,Grocery
2021-01-22,321.34,0,0,Grocery
2021-01-23,327.49,0,0,Clothing
2021-01-24,345.46,1,0,Grocery
2021-01-25,347.52,1,0,Grocery
2021-01-26,350.11,0,0,Grocery
2021-01-27,340.1,0,0,Electronics
2021-01-28,305.42,0,0,Grocery
2021-01-29,361.89,0,0,Electronics
2021-01-30,307.23,1,1,Electronics
2021-01-31,337.13,1,0,Electronics
2021-02-01,316.91,0,0,Electronics
2021-02-02,331.63,0,0,Clothing
2021-02-03,340.39,0,0,Grocery
2021-02-04,341.14,1,0,Electronics
2021-02-05,344.04,0,0,Grocery
2021-02-06,368.75,0,1,Electronics
2021-02-07,346.42,0,0,Clothing
2021-02-08,333.32,0,0,Electronics
2021-02-09,358.34,0,0,Grocery
2021-02-10,363.69,1,0,Grocery
2021-02-11,316.18,0,0,Clothing
2021-02-12,353.51,0,1,Grocery
2021-02-13,356.39,0,0,Grocery
2021-02-14,337.22,0,0,Electronics
2021-02-15,371.48,0,0,Grocery
2021-02-16,341.75,0,0,Electronics
2021-02-17,348.03,0,0,Clothing
2021-02-18,342.82,0,0,Grocery
2021-02-19,347.34,0,0,Electronics
2021-02-20,325.84,0,0,Grocery
2021-02-21,319.69,1,0,Electronics
2021-02-22,381.1,0,0,Clothing
2021-02-23,332.97,0,0,Electronics
2021-02-24,330.78,0,0,Grocery
2021-02-25,308.22,0,0,Electronics
2021-02-26,339.17,0,0,Grocery
2021-02-27,326.14,0,0,Clothing
2021-02-28,386.09,0,0,Electronics
2021-03-01,374.08,0,0,Grocery
2021-03-02,340.73,0,0,Grocery
2021-03-03,400.15,1,0,Grocery
2021-03-04,375.33,1,0,Electronics
2021-03-05,349.77,0,0,Electronics
2021-03-06,306.85,0,0,Electronics
2021-03-07,403.21,1,0,Clothing
2021-03-08,330.14,1,0,Grocery
2021-03-09,325.55,0,0,Grocery
2021-03-10,379.42,0,0,Clothing
2021-03-11,408.26,0,0,Clothing
2021-03-12,387.63,0,0,Electronics
2021-03-13,371.69,0,0,Electronics
2021-03-14,372.77,0,0,Electronics
2021-03-15,378.38,0,0,Electronics
2021-03-16,376.92,0,0,Electronics
2021-03-17,367.78,0,0,Electronics
2021-03-18,364.64,0,0,Clothing
2021-03-19,361.69,0,0,Clothing
2021-03-20,348.23,0,0,Clothing
2021-03-21,358.05,0,0,Grocery
2021-03-22,330.15,1,0,Grocery
2021-03-23,362.37,0,0,Electronics
2021-03-24,344.88,0,0,Clothing
2021-03-25,342.88,0,0,Grocery
2021-03-26,368.83,0,0,Grocery
2021-03-27,393.34,1,0,Clothing
2021-03-28,384.12,0,1,Grocery
2021-03-29,334.58,0,0,Grocery
2021-03-30,346.42,0,0,Clothing
2021-03-31,385.24,0,0,Grocery
2021-04-01,346.97,1,0,Clothing
2021-04-02,362.31,1,0,Grocery
2021-04-03,377.97,0,0,Clothing
2021-04-04,347.75,0,0,Grocery
2021-04-05,369.36,1,0,Grocery
2021-04-06,340.69,1,0,Clothing
2021-04-07,355.45,0,0,Grocery
2021-04-08,373.96,0,0,Clothing
2021-04-09,335.79,0,0,Clothing
2021-04-10,376.52,1,0,Grocery
2021-04-11,367.36,0,0,Electronics
2021-04-12,378.84,0,0,Grocery
2021-04-13,372.28,0,1,Electronics
2021-04-14,395.09,0,0,Electronics
2021-04-15,370.3,0,0,Grocery
2021-04-16,359.19,0,0,Electronics
2021-04-17,370.18,0,0,Clothing
2021-04-18,378.55,0,0,Clothing
2021-04-19,368.59,0,0,Electronics
2021-04-20,368.34,0,0,Clothing
2021-04-21,353.39,0,0,Grocery
2021-04-22,354.07,1,0,Clothing
2021-04-23,339.15,0,0,Electronics
2021-04-24,402.05,0,0,Grocery
2021-04-25,342.03,0,0,Clothing
2021-04-26,352.89,0,0,Grocery
2021-04-27,352.2,0,0,Electronics
2021-04-28,384.27,0,0,Clothing
2021-04-29,360.27,0,0,Grocery
2021-04-30,390.91,0,0,Grocery
2021-05-01,352.25,0,0,Clothing
2021-05-02,371.06,0,0,Grocery
2021-05-03,348.51,0,0,Grocery
2021-05-04,407.85,0,0,Electronics
2021-05-05,340.92,0,0,Electronics
2021-05-06,370.57,0,0,Electronics
2021-05-07,376.74,1,0,Electronics
2021-05-08,372.02,1,0,Electronics
2021-05-09,359.71,0,0,Electronics
2021-05-10,360.48,0,0,Clothing
2021-05-11,363.6,0,0,Electronics
2021-05-12,359.41,0,0,Grocery
2021-05-13,381.25,0,0,Clothing
2021-05-14,405.8,1,0,Grocery
2021-05-15,350.04,0,0,Electronics
2021-05-16,333.38,1,0,Electronics
2021-05-17,358.59,0,0,Grocery
2021-05-18,411.52,0,0,Grocery
2021-05-19,343.41,0,0,Grocery
2021-05-20,391.82,0,0,Clothing
2021-05-21,392.13,0,0,Electronics
2021-05-22,347.03,0,0,Grocery
2021-05-23,369.0,0,0,Electronics
2021-05-24,389.7,1,0,Grocery
2021-05-25,349.05,0,0,Electronics
2021-05-26,352.05,1,0,Clothing
2021-05-27,343.98,1,1,Electronics
2021-05-28,334.79,0,0,Grocery
2021-05-29,341.56,0,0,Electronics
2021-05-30,329.53,0,0,Clothing
2021-05-31,354.14,1,0,Clothing
2021-06-01,337.5,0,0,Electronics
2021-06-02,357.01,0,0,Grocery
2021-06-03,320.65,0,0,Clothing
2021-06-04,357.8,0,0,Clothing
2021-06-05,367.27,0,0,Electronics
2021-06-06,310.13,0,0,Clothing
2021-06-07,356.89,0,0,Clothing
2021-06-08,373.36,1,0,Grocery
2021-06-09,324.0,0,0,Grocery
2021-06-10,381.03,1,0,Grocery
2021-06-11,355.34,0,0,Electronics
2021-06-12,332.23,1,0,Clothing
2021-06-13,344.59,0,0,Electronics
2021-06-14,356.23,0,0,Clothing
2021-06-15,345.95,0,0,Clothing
2021-06-16,354.56,1,0,Clothing
2021-06-17,324.72,0,0,Grocery
2021-06-18,345.87,1,0,Electronics
2021-06-19,313.55,1,0,Electronics
2021-06-20,338.94,0,0,Clothing
2021-06-21,322.43,0,0,Electronics
2021-06-22,325.13,0,0,Grocery
2021-06-23,363.89,0,0,Electronics
2021-06-24,360.33,1,0,Clothing
2021-06-25,350.01,0,0,Grocery
2021-06-26,315.31,0,0,Grocery
2021-06-27,330.16,1,0,Clothing
2021-06-28,360.07,0,0,Electronics
2021-06-29,337.97,1,0,Clothing
2021-06-30,380.84,0,0,Electronics
2021-07-01,341.65,0,0,Electronics
2021-07-02,336.94,0,1,Grocery
2021-07-03,326.24,0,0,Clothing
2021-07-04,334.42,0,0,Grocery
2021-07-05,328.02,0,1,Clothing
2021-07-06,344.56,0,0,Clothing
2021-07-07,348.86,0,0,Grocery
2021-07-08,313.33,0,0,Clothing
2021-07-09,301.75,0,0,Clothing
2021-07-10,290.98,0,0,Electronics
2021-07-11,337.2,0,0,Clothing
2021-07-12,304.31,0,0,Clothing
2021-07-13,282.65,0,0,Grocery
2021-07-14,332.82,0,0,Grocery
2021-07-15,374.26,0,0,Clothing
2021-07-16,323.62,0,0,Electronics
2021-07-17,339.86,0,0,Electronics
2021-07-18,324.08,1,0,Grocery
2021-07-19,319.83,0,0,Clothing
2021-07-20,339.55,0,0,Clothing
2021-07-21,314.73,0,0,Electronics
2021-07-22,325.26,0,0,Electronics
2021-07-23,325.72,1,0,Electronics
2021-07-24,305.31,0,0,Grocery
2021-07-25,337.9,0,0,Clothing
2021-07-26,313.95,0,0,Grocery
2021-07-27,301.74,0,1,Clothing
2021-07-28,326.99,0,0,Grocery
2021-07-29,297.7,0,0,Clothing
2021-07-30,315.65,0,0,Electronics
2021-07-31,314.33,0,1,Electronics
2021-08-01,335.67,0,0,Electronics
2021-08-02,322.89,0,0,Grocery
2021-08-03,312.34,0,0,Electronics
2021-08-04,328.65,0,0,Clothing
2021-08-05,339.57,1,0,Grocery
2021-08-06,322.39,0,0,Clothing
2021-08-07,310.92,1,0,Grocery
2021-08-08,283.97,0,0,Clothing
2021-08-09,288.4,0,0,Clothing
2021-08-10,303.11,0,0,Grocery
2021-08-11,296.54,0,0,Grocery
2021-08-12,304.52,0,0,Electronics
2021-08-13,308.92,0,0,Electronics
2021-08-14,317.93,0,0,Clothing
2021-08-15,305.48,1,0,Clothing
2021-08-16,316.19,0,0,Clothing
2021-08-17,307.33,0,0,Grocery
2021-08-18,266.11,0,0,Grocery
2021-08-19,286.44,0,0,Electronics
2021-08-20,301.95,0,0,Clothing
2021-08-21,280.26,0,0,Electronics
2021-08-22,316.08,1,0,Grocery
2021-08-23,334.34,0,0,Grocery
2021-08-24,327.76,0,0,Grocery
2021-08-25,298.78,0,0,Electronics
2021-08-26,332.54,1,0,Grocery
2021-08-27,305.39,0,0,Clothing
2021-08-28,295.38,0,0,Electronics
2021-08-29,289.56,0,0,Grocery
2021-08-30,295.51,0,0,Electronics
2021-08-31,293.54,0,0,Electronics
2021-09-01,304.46,0,0,Grocery
2021-09-02,304.03,0,0,Grocery
2021-09-03,300.66,0,1,Electronics
2021-09-04,309.13,0,0,Electronics
2021-09-05,324.0,0,0,Grocery
2021-09-06,319.0,0,0,Clothing
2021-09-07,270.14,0,0,Electronics
2021-09-08,248.61,0,0,Electronics
2021-09-09,318.23,0,0,Clothing
2021-09-10,272.08,0,0,Grocery
2021-09-11,294.81,1,0,Grocery
2021-09-12,275.8,1,0,Clothing
2021-09-13,263.08,0,0,Grocery
2021-09-14,309.88,0,0,Grocery
2021-09-15,314.17,0,0,Electronics
2021-09-16,287.42,0,0,Electronics
2021-09-17,247.1,0,0,Electronics
2021-09-18,287.98,0,0,Clothing
2021-09-19,306.74,0,0,Grocery
2021-09-20,269.34,0,0,Grocery
2021-09-21,302.62,0,0,Electronics
2021-09-22,298.69,0,0,Electronics
2021-09-23,310.64,0,0,Clothing
2021-09-24,301.51,0,1,Grocery
2021-09-25,279.75,1,0,Clothing
2021-09-26,323.24,1,0,Grocery
2021-09-27,296.26,0,0,Clothing
2021-09-28,299.02,0,0,Electronics
2021-09-29,281.04,0,0,Clothing
2021-09-30,291.0,0,0,Clothing
2021-10-01,282.35,0,0,Electronics
2021-10-02,296.78,0,1,Grocery
2021-10-03,334.68,0,0,Grocery
2021-10-04,273.22,0,0,Electronics
2021-10-05,268.63,0,0,Clothing
2021-10-06,330.57,0,0,Clothing
2021-10-07,297.23,0,0,Clothing
2021-10-08,288.31,0,0,Grocery
2021-10-09,322.79,1,0,Clothing
2021-10-10,290.18,0,0,Grocery
2021-10-11,339.14,0,0,Clothing
2021-10-12,316.52,1,0,Electronics
2021-10-13,293.55,1,0,Electronics
2021-10-14,346.82,0,0,Grocery
2021-10-15,291.94,1,0,Grocery
2021-10-16,319.3,0,0,Electronics
2021-10-17,310.85,0,0,Electronics
2021-10-18,331.32,0,0,Clothing
2021-10-19,336.96,0,0,Electronics
2021-10-20,306.82,0,0,Grocery
2021-10-21,291.58,0,0,Electronics
2021-10-22,316.33,0,0,Grocery
2021-10-23,294.07,0,0,Grocery
2021-10-24,348.4,0,0,Clothing
2021-10-25,311.38,0,1,Clothing
2021-10-26,301.88,0,0,Clothing
2021-10-27,313.43,0,0,Clothing
2021-10-28,283.36,0,0,Electronics
2021-10-29,291.44,1,0,Clothing
2021-10-30,335.47,0,0,Electronics
2021-10-31,298.93,0,0,Clothing
2021-11-01,291.74,0,0,Clothing
2021-11-02,324.04,0,0,Grocery
2021-11-03,337.66,0,0,Electronics
2021-11-04,328.98,0,0,Grocery
2021-11-05,335.18,0,0,Clothing
2021-11-06,300.8,0,0,Electronics
2021-11-07,288.19,1,0,Clothing
2021-11-08,347.35,0,0,Grocery
2021-11-09,311.59,0,0,Electronics
2021-11-10,313.75,1,1,Grocery
2021-11-11,346.06,0,0,Clothing
2021-11-12,331.37,0,0,Clothing
2021-11-13,330.12,0,0,Clothing
2021-11-14,365.07,0,0,Electronics
2021-11-15,309.68,0,0,Grocery
2021-11-16,341.9,0,0,Grocery
2021-11-17,325.28,0,0,Clothing
2021-11-18,330.32,0,0,Grocery
2021-11-19,356.34,0,0,Electronics
2021-11-20,336.76,0,0,Clothing
2021-11-21,338.21,0,0,Clothing
2021-11-22,349.74,1,0,Clothing
2021-11-23,321.85,0,0,Electronics
2021-11-24,313.23,0,0,Clothing
2021-11-25,310.0,0,0,Clothing
2021-11-26,292.45,0,0,Clothing
2021-11-27,373.8,0,0,Clothing
2021-11-28,311.51,0,0,Grocery
2021-11-29,330.06,1,0,Clothing
2021-11-30,329.87,1,0,Electronics
2021-12-01,342.48,0,0,Clothing
2021-12-02,353.57,0,0,Clothing
2021-12-03,355.41,0,0,Grocery
2021-12-04,327.48,0,0,Clothing
2021-12-05,336.76,0,0,Grocery
2021-12-06,346.71,0,1,Electronics
2021-12-07,337.05,0,0,Grocery
2021-12-08,375.14,0,0,Clothing
2021-12-09,353.79,0,0,Electronics
2021-12-10,359.66,1,0,Clothing
2021-12-11,359.2,0,0,Grocery
2021-12-12,370.41,0,0,Electronics
2021-12-13,351.56,0,0,Electronics
2021-12-14,323.0,0,0,Grocery
2021-12-15,357.94,0,0,Grocery
2021-12-16,337.93,0,0,Electronics
2021-12-17,341.4,0,0,Electronics
2021-12-18,364.72,0,0,Grocery
2021-12-19,378.78,0,0,Clothing
2021-12-20,355.47,0,0,Electronics
2021-12-21,362.25,0,0,Grocery
2021-12-22,391.14,1,0,Clothing
2021-12-23,362.95,0,0,Electronics
2021-12-24,411.2,0,0,Electronics
2021-12-25,371.52,0,0,Grocery
2021-12-26,326.03,1,0,Clothing
2021-12-27,377.35,0,0,Electronics
2021-12-28,370.95,0,0,Clothing
2021-12-29,390.16,0,0,Clothing
2021-12-30,378.87,0,0,Electronics
2021-12-31,363.68,0,0,Clothing
2022-01-01,343.22,0,1,Electronics
2022-01-02,364.57,1,0,Clothing
2022-01-03,352.78,0,0,Electronics
2022-01-04,359.22,0,0,Grocery
2022-01-05,383.65,0,0,Electronics
2022-01-06,406.31,0,1,Electronics
2022-01-07,381.84,1,0,Electronics
2022-01-08,351.07,0,0,Clothing
2022-01-09,384.91,0,0,Grocery
2022-01-10,400.98,0,0,Clothing
2022-01-11,365.89,0,0,Clothing
2022-01-12,376.43,0,0,Electronics
2022-01-13,380.42,0,0,Clothing
2022-01-14,365.45,1,0,Electronics
2022-01-15,395.13,1,0,Grocery
2022-01-16,380.76,0,0,Clothing
2022-01-17,392.58,1,0,Clothing
2022-01-18,367.44,0,0,Clothing
2022-01-19,377.44,0,0,Electronics
2022-01-20,401.63,0,0,Electronics
2022-01-21,380.72,0,0,Clothing
2022-01-22,423.7,0,0,Clothing
2022-01-23,382.15,0,0,Grocery
2022-01-24,395.61,0,0,Grocery
2022-01-25,410.73,0,0,Grocery
2022-01-26,364.67,0,0,Grocery
2022-01-27,358.78,0,0,Grocery
2022-01-28,364.43,0,1,Electronics
2022-01-29,421.14,0,0,Grocery
2022-01-30,385.78,0,0,Grocery
2022-01-31,448.91,0,0,Clothing
2022-02-01,387.38,1,0,Electronics
2022-02-02,403.27,0,0,Grocery
2022-02-03,431.32,0,0,Grocery
2022-02-04,441.5,1,0,Grocery
2022-02-05,443.49,0,0,Clothing
2022-02-06,427.31,0,0,Clothing
2022-02-07,424.49,0,0,Clothing
2022-02-08,416.72,1,0,Grocery
2022-02-09,421.29,0,0,Clothing
2022-02-10,395.54,0,1,Grocery
2022-02-11,391.04,0,0,Electronics
2022-02-12,408.16,0,0,Grocery
2022-02-13,405.63,0,0,Clothing
2022-02-14,400.78,0,0,Electronics
2022-02-15,424.56,0,0,Grocery
2022-02-16,430.52,1,0,Electronics
2022-02-17,413.95,0,0,Electronics
2022-02-18,442.5,0,1,Electronics
2022-02-19,390.86,1,0,Grocery
2022-02-20,410.56,0,0,Clothing
2022-02-21,400.82,0,0,Grocery
2022-02-22,378.54,0,0,Clothing
2022-02-23,414.93,1,0,Grocery
2022-02-24,414.84,0,0,Grocery
2022-02-25,448.22,0,0,Grocery
2022-02-26,431.23,1,0,Clothing
2022-02-27,398.79,0,0,Grocery
2022-02-28,457.0,1,0,Electronics
2022-03-01,444.97,1,0,Grocery
2022-03-02,432.81,0,0,Electronics
2022-03-03,417.24,0,0,Clothing
2022-03-04,403.17,0,0,Clothing
2022-03-05,415.49,0,0,Grocery
2022-03-06,445.28,0,0,Grocery
2022-03-07,461.75,0,0,Grocery
2022-03-08,455.46,1,0,Electronics
2022-03-09,415.34,0,0,Clothing
2022-03-10,403.24,0,0,Electronics
2022-03-11,428.95,1,0,Electronics
2022-03-12,391.24,1,0,Grocery
2022-03-13,433.55,0,0,Grocery
2022-03-14,424.59,1,1,Electronics
2022-03-15,418.66,0,0,Electronics
2022-03-16,396.52,1,0,Grocery
2022-03-17,439.1,0,0,Grocery
2022-03-18,418.57,0,0,Electronics
2022-03-19,406.21,0,0,Grocery
2022-03-20,372.53,0,0,Grocery
2022-03-21,429.78,0,1,Electronics
2022-03-22,466.12,0,0,Electronics
2022-03-23,464.23,0,0,Clothing
2022-03-24,422.17,1,0,Electronics
2022-03-25,419.57,0,0,Grocery
2022-03-26,441.27,0,0,Electronics
2022-03-27,412.2,0,0,Electronics
2022-03-28,438.46,0,0,Electronics
2022-03-29,447.98,1,0,Clothing
2022-03-30,457.42,1,0,Clothing
2022-03-31,431.09,0,0,Grocery
2022-04-01,429.21,0,0,Clothing
2022-04-02,415.91,0,0,Electronics
2022-04-03,417.09,0,0,Clothing
2022-04-04,429.25,1,0,Electronics
2022-04-05,441.27,0,0,Clothing
2022-04-06,452.31,0,0,Clothing
2022-04-07,418.08,0,1,Clothing
2022-04-08,464.09,0,0,Electronics
2022-04-09,428.89,1,0,Clothing
2022-04-10,433.95,0,0,Electronics
2022-04-11,419.48,0,0,Electronics
2022-04-12,385.97,0,0,Grocery
2022-04-13,452.15,0,0,Clothing
2022-04-14,449.21,0,0,Grocery
2022-04-15,428.84,0,0,Grocery
2022-04-16,435.78,0,0,Electronics
2022-04-17,444.72,0,0,Clothing
2022-04-18,403.1,0,0,Electronics
2022-04-19,423.7,0,0,Electronics
2022-04-20,450.08,0,0,Clothing
2022-04-21,409.01,0,0,Electronics
2022-04-22,439.86,0,0,Clothing
2022-04-23,406.73,0,0,Clothing
2022-04-24,443.06,0,1,Electronics
2022-04-25,432.86,0,0,Electronics
2022-04-26,401.11,0,0,Grocery
2022-04-27,456.53,0,0,Electronics
2022-04-28,418.35,0,0,Clothing
2022-04-29,416.63,0,0,Grocery
2022-04-30,436.63,0,0,Clothing
2022-05-01,455.36,0,0,Grocery
2022-05-02,411.83,0,0,Electronics
2022-05-03,433.12,1,0,Electronics
2022-05-04,440.19,0,0,Electronics
2022-05-05,445.2,0,0,Clothing
2022-05-06,434.57,0,0,Grocery
2022-05-07,423.39,0,0,Clothing
2022-05-08,413.86,0,0,Grocery
2022-05-09,431.81,0,0,Electronics
2022-05-10,408.3,1,0,Clothing
2022-05-11,370.96,0,0,Electronics
2022-05-12,437.75,1,0,Clothing
2022-05-13,446.72,0,0,Electronics
2022-05-14,381.0,0,0,Clothing
2022-05-15,407.66,0,0,Clothing
2022-05-16,439.83,0,0,Grocery
2022-05-17,468.18,0,0,Electronics
2022-05-18,427.01,0,0,Grocery
2022-05-19,411.59,0,0,Grocery
2022-05-20,422.04,1,0,Electronics
2022-05-21,452.74,1,0,Clothing
2022-05-22,411.85,0,0,Grocery
2022-05-23,408.31,0,0,Electronics
2022-05-24,414.14,0,0,Clothing
2022-05-25,404.23,0,0,Grocery
2022-05-26,425.25,0,0,Grocery
2022-05-27,454.77,0,0,Grocery
2022-05-28,428.21,0,0,Clothing
2022-05-29,416.17,0,0,Grocery
2022-05-30,414.84,1,0,Clothing
2022-05-31,388.86,0,0,Grocery
2022-06-01,437.23,1,0,Electronics
2022-06-02,417.45,0,0,Grocery
2022-06-03,414.82,0,0,Electronics
2022-06-04,481.72,0,0,Electronics
2022-06-05,423.24,0,0,Electronics
2022-06-06,401.64,0,0,Clothing
2022-06-07,407.55,0,0,Electronics
2022-06-08,438.44,0,0,Grocery
2022-06-09,417.13,0,0,Clothing
2022-06-10,385.48,0,0,Electronics
2022-06-11,432.01,0,0,Clothing
2022-06-12,399.64,0,0,Clothing
2022-06-13,449.83,0,0,Clothing
2022-06-14,433.33,0,0,Grocery
2022-06-15,402.15,0,0,Electronics
2022-06-16,436.07,1,0,Clothing
2022-06-17,411.16,0,0,Clothing
2022-06-18,426.2,0,0,Clothing
2022-06-19,418.19,0,0,Electronics
2022-06-20,390.9,0,0,Clothing
2022-06-21,394.3,0,0,Clothing
2022-06-22,427.1,0,0,Grocery
2022-06-23,399.14,0,0,Electronics
2022-06-24,397.1,0,0,Grocery
2022-06-25,385.4,0,0,Electronics
2022-06-26,412.3,0,0,Electronics
2022-06-27,444.4,0,0,Electronics
2022-06-28,381.13,1,0,Grocery
2022-06-29,402.28,0,0,Grocery
2022-06-30,429.37,0,0,Grocery
2022-07-01,398.85,0,0,Grocery
2022-07-02,408.82,0,0,Clothing
2022-07-03,377.84,1,0,Clothing
2022-07-04,406.98,0,0,Clothing
2022-07-05,394.0,1,0,Electronics
2022-07-06,416.78,1,0,Clothing
2022-07-07,420.14,0,0,Electronics
2022-07-08,447.51,0,0,Grocery
2022-07-09,406.64,0,0,Electronics
2022-07-10,400.89,1,0,Electronics
2022-07-11,397.59,0,0,Clothing
2022-07-12,385.98,0,0,Grocery
2022-07-13,399.15,0,0,Grocery
2022-07-14,385.81,0,0,Clothing
2022-07-15,394.43,0,0,Grocery
2022-07-16,416.76,0,0,Grocery
2022-07-17,369.63,1,0,Grocery
2022-07-18,411.91,1,0,Clothing
2022-07-19,414.82,1,0,Grocery
2022-07-20,385.47,0,0,Electronics
2022-07-21,344.77,0,0,Electronics
2022-07-22,374.42,0,0,Grocery
2022-07-23,411.89,0,0,Clothing
2022-07-24,384.88,0,0,Clothing
2022-07-25,364.74,0,0,Clothing
2022-07-26,374.02,0,0,Grocery
2022-07-27,400.33,1,0,Grocery
2022-07-28,393.86,0,0,Electronics
2022-07-29,377.56,0,0,Clothing
2022-07-30,374.42,0,0,Electronics
2022-07-31,373.35,0,0,Electronics
2022-08-01,362.17,0,0,Clothing
2022-08-02,412.37,1,0,Grocery
2022-08-03,373.06,1,0,Grocery
2022-08-04,403.31,1,0,Electronics
2022-08-05,408.85,1,0,Electronics
2022-08-06,397.87,0,0,Electronics
2022-08-07,368.75,0,0,Electronics
2022-08-08,384.95,0,0,Clothing
2022-08-09,375.89,0,0,Electronics
2022-08-10,357.8,0,0,Electronics
2022-08-11,381.88,0,0,Grocery
2022-08-12,351.34,0,0,Grocery
2022-08-13,398.21,0,0,Grocery
2022-08-14,364.71,0,0,Clothing
2022-08-15,377.58,0,0,Clothing
2022-08-16,378.79,0,0,Grocery
2022-08-17,367.53,0,0,Grocery
2022-08-18,384.02,0,0,Electronics
2022-08-19,362.39,0,0,Electronics
2022-08-20,388.92,0,0,Clothing
2022-08-21,344.2,0,0,Clothing
2022-08-22,373.28,0,0,Electronics
2022-08-23,409.17,0,0,Grocery
2022-08-24,350.04,0,0,Electronics
2022-08-25,356.16,0,0,Clothing
2022-08-26,379.67,0,0,Clothing
2022-08-27,372.67,0,0,Electronics
2022-08-28,375.8,0,0,Electronics
2022-08-29,378.28,0,0,Electronics
2022-08-30,380.92,0,0,Clothing
2022-08-31,390.16,0,0,Grocery
2022-09-01,375.91,0,0,Electronics
2022-09-02,362.66,0,0,Clothing
2022-09-03,380.71,0,0,Clothing
2022-09-04,405.05,0,0,Clothing
2022-09-05,364.21,0,0,Electronics
2022-09-06,347.19,0,0,Electronics
2022-09-07,388.65,0,0,Grocery
2022-09-08,363.95,0,0,Clothing
2022-09-09,322.76,0,0,Electronics
2022-09-10,383.03,0,0,Clothing
2022-09-11,355.26,0,0,Clothing
2022-09-12,364.06,1,0,Grocery
2022-09-13,372.43,0,0,Electronics
2022-09-14,369.52,0,0,Electronics
2022-09-15,379.85,0,0,Clothing
2022-09-16,356.9,0,0,Clothing
2022-09-17,375.85,0,0,Grocery
2022-09-18,360.38,0,0,Grocery
2022-09-19,380.35,0,0,Grocery
2022-09-20,377.89,1,0,Grocery
2022-09-21,346.91,0,0,Grocery
2022-09-22,387.38,0,0,Grocery
2022-09-23,355.0,1,0,Clothing
2022-09-24,381.95,0,0,Grocery
2022-09-25,373.22,1,0,Clothing
2022-09-26,402.74,0,0,Clothing
2022-09-27,361.63,1,0,Electronics
2022-09-28,359.24,0,0,Clothing
2022-09-29,365.99,0,0,Clothing
2022-09-30,360.47,1,0,Grocery
2022-10-01,382.71,0,0,Clothing
2022-10-02,334.58,0,0,Grocery
2022-10-03,346.04,0,0,Grocery
2022-10-04,345.97,0,0,Grocery
2022-10-05,386.57,0,0,Electronics
2022-10-06,402.03,0,0,Grocery
2022-10-07,365.99,0,0,Clothing
2022-10-08,364.98,0,0,Grocery
2022-10-09,370.05,0,0,Grocery
2022-10-10,392.2,0,1,Grocery
2022-10-11,350.74,0,0,Electronics
2022-10-12,374.39,0,0,Clothing
2022-10-13,389.48,0,0,Electronics
2022-10-14,380.37,0,0,Clothing
2022-10-15,374.52,0,0,Electronics
2022-10-16,391.14,0,0,Clothing
2022-10-17,317.47,0,0,Electronics
2022-10-18,385.51,1,0,Grocery
2022-10-19,359.31,0,0,Electronics
2022-10-20,336.23,0,0,Electronics
2022-10-21,383.54,0,0,Grocery
2022-10-22,401.27,0,0,Grocery
2022-10-23,371.54,1,0,Clothing
2022-10-24,393.85,0,0,Clothing
2022-10-25,407.56,0,0,Clothing
2022-10-26,402.15,1,0,Electronics
2022-10-27,409.2,0,1,Clothing
2022-10-28,391.81,0,0,Electronics
2022-10-29,379.05,0,0,Electronics
2022-10-30,346.09,0,1,Clothing
2022-10-31,373.81,1,0,Clothing
2022-11-01,362.48,1,0,Electronics
2022-11-02,423.39,0,0,Grocery
2022-11-03,377.09,0,0,Grocery
2022-11-04,383.73,1,0,Electronics
2022-11-05,392.96,0,0,Clothing
2022-11-06,383.48,0,0,Electronics
2022-11-07,417.19,1,0,Electronics
2022-11-08,371.54,0,0,Clothing
2022-11-09,388.6,0,1,Grocery
2022-11-10,370.58,0,0,Electronics
2022-11-11,359.76,1,0,Grocery
2022-11-12,374.68,0,0,Grocery
2022-11-13,386.93,0,0,Clothing
2022-11-14,379.85,0,0,Electronics
2022-11-15,375.37,0,0,Electronics
2022-11-16,361.88,0,0,Grocery
2022-11-17,389.14,0,1,Grocery
2022-11-18,361.52,0,0,Clothing
2022-11-19,407.64,0,0,Grocery
2022-11-20,394.92,1,0,Clothing
2022-11-21,364.96,0,0,Electronics
2022-11-22,388.77,1,0,Clothing
2022-11-23,380.77,0,0,Grocery
2022-11-24,403.07,0,0,Electronics
2022-11-25,424.37,0,0,Clothing
2022-11-26,360.94,0,0,Electronics
2022-11-27,401.64,1,0,Clothing
2022-11-28,397.04,0,0,Grocery
2022-11-29,414.58,0,1,Grocery
2022-11-30,406.33,0,0,Electronics
2022-12-01,387.95,0,0,Electronics
2022-12-02,397.55,0,0,Electronics
2022-12-03,388.95,0,0,Clothing
2022-12-04,427.33,0,0,Grocery
2022-12-05,407.19,0,0,Electronics
2022-12-06,445.75,0,0,Electronics
2022-12-07,407.48,0,0,Electronics
2022-12-08,395.5,0,0,Clothing
2022-12-09,380.37,0,0,Electronics
2022-12-10,375.56,0,0,Electronics
2022-12-11,380.93,0,0,Clothing
2022-12-12,418.95,0,0,Clothing
2022-12-13,424.78,0,0,Electronics
2022-12-14,383.98,1,0,Electronics
2022-12-15,434.52,0,0,Clothing
2022-12-16,407.97,0,0,Grocery
2022-12-17,421.58,1,1,Clothing
2022-12-18,451.91,1,0,Grocery
2022-12-19,438.62,0,0,Electronics
2022-12-20,416.34,1,0,Electronics
2022-12-21,404.91,0,0,Grocery
2022-12-22,380.73,0,0,Clothing
2022-12-23,410.42,0,0,Electronics
2022-12-24,421.61,0,0,Grocery
2022-12-25,407.13,0,0,Clothing
2022-12-26,425.29,0,0,Grocery
2022-12-27,430.49,0,0,Clothing
2022-12-28,425.49,1,0,Clothing
2022-12-29,418.03,1,0,Clothing
2022-12-30,435.45,0,0,Clothing
2022-12-31,441.96,1,0,Grocery
2023-01-01,412.57,1,0,Grocery
2023-01-02,463.64,0,0,Grocery
2023-01-03,434.49,0,0,Grocery
2023-01-04,437.88,0,0,Grocery
2023-01-05,452.71,1,0,Clothing
2023-01-06,444.25,0,0,Electronics
2023-01-07,459.68,0,0,Electronics
2023-01-08,447.4,0,0,Grocery
2023-01-09,430.44,0,0,Grocery
2023-01-10,450.95,0,0,Electronics
2023-01-11,421.87,0,0,Clothing
2023-01-12,447.94,0,1,Grocery
2023-01-13,446.13,1,1,Clothing
2023-01-14,443.65,1,0,Electronics
2023-01-15,446.26,0,0,Electronics
2023-01-16,412.21,1,0,Grocery
2023-01-17,439.88,0,0,Clothing
2023-01-18,453.71,0,0,Grocery
2023-01-19,456.05,0,0,Electronics
2023-01-20,433.3,1,0,Clothing
2023-01-21,480.16,1,0,Grocery
2023-01-22,438.5,0,0,Grocery
2023-01-23,476.19,1,0,Grocery
2023-01-24,466.32,0,0,Electronics
2023-01-25,445.82,0,0,Grocery
2023-01-26,495.21,0,0,Clothing
2023-01-27,436.79,0,0,Grocery
2023-01-28,479.99,0,0,Electronics
2023-01-29,482.56,1,1,Grocery
2023-01-30,450.07,0,0,Electronics
2023-01-31,492.26,0,0,Electronics
2023-02-01,460.33,0,0,Clothing
2023-02-02,472.02,0,0,Clothing
2023-02-03,472.35,1,0,Grocery
2023-02-04,465.36,0,0,Electronics
2023-02-05,485.15,0,0,Electronics
2023-02-06,485.68,1,0,Clothing
2023-02-07,435.71,0,0,Clothing
2023-02-08,497.63,0,0,Grocery
2023-02-09,439.14,0,0,Electronics
2023-02-10,493.89,0,0,Clothing
2023-02-11,496.6,0,0,Grocery
2023-02-12,453.07,0,0,Electronics
2023-02-13,467.49,1,0,Electronics
2023-02-14,454.39,1,0,Clothing
2023-02-15,473.0,0,0,Grocery
2023-02-16,471.92,0,0,Clothing
2023-02-17,494.45,1,0,Grocery
2023-02-18,505.82,0,0,Electronics
2023-02-19,508.28,0,0,Grocery
2023-02-20,469.86,0,0,Grocery
2023-02-21,477.64,1,1,Grocery
2023-02-22,448.87,0,0,Grocery
2023-02-23,467.13,0,0,Grocery
2023-02-24,503.23,0,0,Clothing
2023-02-25,516.93,1,0,Grocery
2023-02-26,460.6,0,0,Grocery
2023-02-27,474.09,1,0,Electronics
2023-02-28,486.05,0,1,Grocery
2023-03-01,492.82,0,0,Electronics
2023-03-02,471.64,0,0,Clothing
2023-03-03,496.92,0,0,Clothing
2023-03-04,479.55,1,0,Grocery
2023-03-05,489.32,0,0,Clothing
2023-03-06,501.1,0,0,Grocery
2023-03-07,490.85,0,0,Clothing
2023-03-08,482.53,0,0,Grocery
2023-03-09,489.59,0,0,Grocery
2023-03-10,490.53,0,0,Electronics
2023-03-11,485.4,1,0,Electronics
2023-03-12,488.1,0,0,Electronics
2023-03-13,525.72,0,0,Electronics
2023-03-14,505.42,0,0,Grocery
2023-03-15,488.74,0,0,Clothing
2023-03-16,509.02,0,0,Grocery
2023-03-17,488.81,1,0,Electronics
2023-03-18,519.35,0,0,Electronics
2023-03-19,503.67,0,0,Clothing
2023-03-20,494.5,0,0,Electronics
2023-03-21,505.96,1,0,Grocery
2023-03-22,465.93,0,0,Grocery
2023-03-23,475.13,0,0,Grocery
2023-03-24,474.1,0,0,Grocery
2023-03-25,501.14,0,0,Grocery
2023-03-26,533.21,0,0,Clothing
2023-03-27,543.46,0,0,Grocery
2023-03-28,511.85,0,0,Electronics
2023-03-29,509.34,0,0,Electronics
2023-03-30,463.53,1,0,Electronics
2023-03-31,488.91,0,0,Electronics
2023-04-01,484.2,0,0,Clothing
2023-04-02,487.72,0,0,Electronics
2023-04-03,496.94,0,0,Clothing
2023-04-04,491.01,0,0,Electronics
2023-04-05,461.0,0,0,Clothing
2023-04-06,515.66,0,0,Clothing
2023-04-07,479.36,0,0,Clothing
2023-04-08,505.69,1,0,Electronics
2023-04-09,542.46,0,0,Clothing
2023-04-10,482.65,1,0,Grocery
2023-04-11,450.48,0,1,Grocery
2023-04-12,495.4,0,0,Electronics
2023-04-13,523.16,0,0,Grocery
2023-04-14,540.31,0,0,Grocery
2023-04-15,476.54,0,0,Grocery
2023-04-16,511.04,0,0,Electronics
2023-04-17,491.76,1,0,Electronics
2023-04-18,498.89,1,0,Grocery
2023-04-19,553.83,0,0,Electronics
2023-04-20,470.8,0,0,Clothing
2023-04-21,505.84,0,0,Grocery
2023-04-22,510.01,0,0,Electronics
2023-04-23,522.25,0,0,Electronics
2023-04-24,502.36,1,0,Grocery
2023-04-25,506.4,0,0,Electronics
2023-04-26,492.25,0,0,Grocery
2023-04-27,505.28,0,0,Electronics
2023-04-28,492.84,0,0,Clothing
2023-04-29,511.93,0,0,Grocery
2023-04-30,491.89,0,0,Clothing
2023-05-01,506.6,0,0,Grocery
2023-05-02,498.22,0,0,Electronics
2023-05-03,521.07,0,0,Clothing
2023-05-04,497.26,1,0,Electronics
2023-05-05,462.54,0,0,Grocery
2023-05-06,522.94,0,0,Grocery
2023-05-07,479.29,0,0,Grocery
2023-05-08,484.01,0,0,Grocery
2023-05-09,484.84,0,0,Grocery
2023-05-10,523.9,1,0,Clothing
2023-05-11,453.34,0,0,Grocery
2023-05-12,558.44,0,0,Electronics
2023-05-13,516.43,0,0,Clothing
2023-05-14,499.39,0,0,Electronics
2023-05-15,493.43,1,0,Grocery
2023-05-16,499.82,1,0,Electronics
2023-05-17,504.11,0,0,Clothing
2023-05-18,506.17,0,0,Clothing
2023-05-19,503.93,0,0,Clothing
2023-05-20,494.16,1,0,Electronics
2023-05-21,487.96,0,0,Clothing
2023-05-22,488.41,1,0,Electronics
2023-05-23,487.06,0,0,Grocery
2023-05-24,513.14,0,0,Grocery
2023-05-25,501.84,0,0,Electronics
2023-05-26,430.65,1,0,Clothing
2023-05-27,502.06,1,0,Electronics
2023-05-28,492.31,0,0,Electronics
2023-05-29,487.51,0,1,Electronics
2023-05-30,479.57,0,0,Grocery
2023-05-31,509.27,0,0,Electronics
2023-06-01,505.19,0,1,Grocery
2023-06-02,470.21,0,0,Electronics
2023-06-03,493.24,1,0,Grocery
2023-06-04,465.09,0,0,Electronics
2023-06-05,456.34,1,0,Electronics
2023-06-06,470.81,0,0,Clothing
2023-06-07,499.99,0,0,Clothing
2023-06-08,501.2,0,0,Electronics
2023-06-09,491.79,0,0,Electronics
2023-06-10,495.42,0,0,Electronics
2023-06-11,490.62,0,0,Electronics
2023-06-12,466.84,0,0,Clothing
2023-06-13,487.67,0,0,Grocery
2023-06-14,494.41,0,0,Electronics
2023-06-15,492.84,0,0,Clothing
2023-06-16,500.89,1,0,Electronics
2023-06-17,490.63,1,0,Electronics
2023-06-18,482.84,0,0,Grocery
2023-06-19,496.56,0,0,Electronics
2023-06-20,473.97,0,0,Electronics
2023-06-21,456.2,1,0,Grocery
2023-06-22,469.91,0,0,Grocery
2023-06-23,457.61,0,0,Grocery
2023-06-24,458.33,0,0,Grocery
2023-06-25,468.28,0,0,Clothing
2023-06-26,454.64,0,0,Clothing
2023-06-27,463.66,0,0,Clothing
2023-06-28,431.27,0,0,Electronics
2023-06-29,472.73,0,0,Grocery
2023-06-30,467.81,0,0,Grocery
2023-07-01,450.77,0,0,Clothing
2023-07-02,479.62,1,0,Electronics
2023-07-03,484.51,0,0,Electronics
2023-07-04,432.93,1,0,Electronics
2023-07-05,449.15,0,0,Clothing
2023-07-06,448.35,0,0,Electronics
2023-07-07,444.26,1,0,Electronics
2023-07-08,478.97,0,0,Electronics
2023-07-09,457.83,1,0,Grocery
2023-07-10,455.75,0,0,Clothing
2023-07-11,420.3,1,0,Grocery
2023-07-12,472.42,0,0,Grocery
2023-07-13,434.26,0,0,Clothing
2023-07-14,459.58,0,0,Grocery
2023-07-15,463.28,1,0,Electronics
2023-07-16,484.29,1,0,Electronics
2023-07-17,430.25,1,0,Electronics
2023-07-18,395.39,1,0,Electronics
2023-07-19,458.82,0,0,Clothing
2023-07-20,490.51,0,0,Grocery
2023-07-21,478.65,0,0,Grocery
2023-07-22,457.44,0,0,Electronics
2023-07-23,442.79,0,0,Electronics
2023-07-24,468.15,0,0,Grocery
2023-07-25,431.92,0,0,Clothing
2023-07-26,460.31,0,0,Grocery
2023-07-27,460.29,0,0,Electronics
2023-07-28,470.8,0,0,Electronics
2023-07-29,504.2,0,0,Clothing
2023-07-30,456.27,0,0,Grocery
2023-07-31,437.67,0,1,Clothing
2023-08-01,446.77,0,0,Clothing
2023-08-02,411.34,0,0,Electronics
2023-08-03,432.28,0,0,Grocery
2023-08-04,437.44,0,0,Electronics
2023-08-05,434.61,0,1,Grocery
2023-08-06,447.61,0,0,Electronics
2023-08-07,427.6,0,0,Electronics
2023-08-08,465.96,0,0,Grocery
2023-08-09,443.04,1,0,Grocery
2023-08-10,442.36,1,0,Electronics
2023-08-11,435.5,0,0,Grocery
2023-08-12,444.69,0,0,Electronics
2023-08-13,457.63,0,0,Grocery
2023-08-14,423.33,0,0,Electronics
2023-08-15,427.06,1,0,Electronics
2023-08-16,433.72,0,0,Electronics
2023-08-17,412.45,0,0,Clothing
2023-08-18,422.57,0,0,Grocery
2023-08-19,429.03,1,0,Electronics
2023-08-20,455.65,0,0,Clothing
2023-08-21,443.04,0,0,Electronics
2023-08-22,441.29,0,0,Clothing
2023-08-23,454.08,0,0,Electronics
2023-08-24,433.97,0,0,Electronics
2023-08-25,444.19,0,0,Clothing
2023-08-26,433.99,1,0,Clothing
2023-08-27,441.06,1,0,Grocery
2023-08-28,423.8,1,0,Grocery
2023-08-29,386.39,0,0,Clothing
2023-08-30,432.21,1,0,Grocery
2023-08-31,463.09,0,0,Clothing
2023-09-01,452.91,0,0,Grocery
2023-09-02,453.46,0,0,Electronics
2023-09-03,458.65,0,0,Grocery
2023-09-04,435.49,0,0,Electronics
2023-09-05,437.47,0,0,Electronics
2023-09-06,420.99,0,0,Grocery
2023-09-07,426.85,1,0,Clothing
2023-09-08,445.34,0,0,Electronics
2023-09-09,456.96,0,0,Electronics
2023-09-10,429.96,0,0,Grocery
2023-09-11,423.63,0,0,Clothing
2023-09-12,432.55,0,0,Clothing
2023-09-13,444.48,0,0,Grocery
2023-09-14,403.5,0,0,Clothing
2023-09-15,386.4,0,0,Grocery
2023-09-16,421.27,0,0,Grocery
2023-09-17,407.84,1,0,Grocery
2023-09-18,422.07,0,0,Electronics
2023-09-19,429.28,0,0,Electronics
2023-09-20,423.19,1,0,Electronics
2023-09-21,461.33,0,0,Grocery
2023-09-22,438.86,0,0,Electronics
2023-09-23,438.39,1,0,Electronics
2023-09-24,444.9,0,0,Electronics
2023-09-25,409.77,0,0,Grocery
2023-09-26,453.43,0,0,Grocery
2023-09-27,431.25,0,0,Grocery
2023-09-28,446.3,0,0,Electronics
2023-09-29,411.6,0,0,Clothing
2023-09-30,402.13,0,0,Electronics
2023-10-01,449.74,0,0,Electronics
2023-10-02,441.1,0,0,Grocery
2023-10-03,415.73,0,0,Grocery
2023-10-04,416.6,0,0,Electronics
2023-10-05,456.74,0,0,Electronics
2023-10-06,410.69,0,0,Clothing
2023-10-07,467.6,1,0,Clothing
2023-10-08,417.01,0,0,Grocery
2023-10-09,448.09,0,0,Clothing
2023-10-10,429.06,0,0,Clothing
2023-10-11,448.02,0,0,Grocery
2023-10-12,425.41,1,0,Clothing
2023-10-13,433.39,0,0,Electronics
2023-10-14,437.83,1,0,Clothing
2023-10-15,417.35,0,0,Grocery
2023-10-16,452.6,0,0,Electronics
2023-10-17,427.93,0,0,Clothing
2023-10-18,434.05,1,0,Electronics
2023-10-19,419.17,0,1,Electronics
2023-10-20,388.27,0,0,Clothing
2023-10-21,436.16,0,0,Clothing
2023-10-22,488.71,0,0,Grocery
2023-10-23,456.65,1,0,Grocery
2023-10-24,441.08,0,0,Electronics
2023-10-25,436.73,0,0,Grocery
2023-10-26,442.97,0,0,Electronics
2023-10-27,454.01,0,0,Electronics
2023-10-28,420.02,1,0,Grocery
2023-10-29,466.49,0,0,Grocery
2023-10-30,459.1,0,0,Grocery
2023-10-31,459.76,1,0,Clothing
2023-11-01,454.78,0,0,Electronics
2023-11-02,447.03,0,0,Electronics
2023-11-03,460.74,0,0,Electronics
2023-11-04,459.77,0,0,Grocery
2023-11-05,441.51,0,0,Grocery
2023-11-06,437.8,1,0,Grocery
2023-11-07,452.0,0,0,Grocery
2023-11-08,481.64,0,0,Grocery
2023-11-09,426.59,1,0,Clothing
2023-11-10,422.75,0,0,Grocery
2023-11-11,456.13,0,0,Electronics
2023-11-12,454.6,0,0,Grocery
2023-11-13,457.8,1,0,Electronics
2023-11-14,459.98,0,0,Grocery
2023-11-15,451.42,0,0,Grocery
2023-11-16,486.47,1,0,Electronics
2023-11-17,425.46,0,0,Electronics
2023-11-18,441.71,0,0,Electronics
2023-11-19,457.04,1,0,Electronics
2023-11-20,427.07,0,0,Clothing
2023-11-21,457.26,0,0,Electronics
2023-11-22,494.85,1,0,Grocery
2023-11-23,462.9,0,0,Grocery
2023-11-24,467.96,0,0,Clothing
2023-11-25,439.02,1,0,Electronics
2023-11-26,452.79,1,0,Grocery
2023-11-27,458.5,0,0,Clothing
2023-11-28,460.55,0,0,Grocery
2023-11-29,493.45,0,0,Clothing
2023-11-30,479.89,0,0,Clothing
2023-12-01,447.43,0,0,Electronics
2023-12-02,475.52,0,0,Clothing
2023-12-03,481.5,0,0,Grocery
2023-12-04,495.28,0,0,Grocery
2023-12-05,505.04,0,0,Electronics
2023-12-06,454.09,0,0,Electronics
2023-12-07,459.14,0,0,Clothing
2023-12-08,451.18,0,1,Electronics
2023-12-09,472.63,0,0,Grocery
2023-12-10,487.62,0,0,Grocery
2023-12-11,499.03,0,0,Electronics
2023-12-12,478.75,0,0,Electronics
2023-12-13,474.87,1,0,Electronics
2023-12-14,485.31,0,0,Clothing
2023-12-15,466.58,1,0,Clothing
2023-12-16,526.08,0,0,Grocery
2023-12-17,453.16,0,0,Clothing
2023-12-18,490.02,1,0,Clothing
2023-12-19,527.82,0,0,Clothing
2023-12-20,488.51,0,0,Clothing
2023-12-21,485.6,0,0,Grocery
2023-12-22,483.28,0,0,Electronics
2023-12-23,487.86,0,0,Grocery
2023-12-24,519.96,0,0,Clothing
2023-12-25,449.3,0,0,Electronics
2023-12-26,525.25,0,0,Electronics
2023-12-27,467.14,1,0,Electronics
2023-12-28,491.33,0,0,Grocery
2023-12-29,489.12,0,0,Electronics
2023-12-30,510.51,1,0,Grocery
2023-12-31,467.82,0,0,Grocery
